run_id,machine_id,cell,mode,death_q,threads,N,bytes_per_particle,trial,ns_frame,ns_particle
20260801T200454Z-minibits-b7641c0e-7e59438,minibits-b7641c0e,L1.B1.w1-autovec.w2-simple,frame,0.01,1,4000,68,0,33449.0,8.3622
20260801T200454Z-minibits-b7641c0e-7e59438,minibits-b7641c0e,L1.B1.w1-autovec.w2-simple,frame,0.01,1,4000,68,1,32359.6,8.0899
20260801T200454Z-minibits-b7641c0e-7e59438,minibits-b7641c0e,L1.B1.w1-autovec.w2-simple,frame,0.01,1,4000,68,2,32797.9,8.1995
20260801T200454Z-minibits-b7641c0e-7e59438,minibits-b7641c0e,L1.B1.w1-autovec.w2-simple,frame,0.01,1,16000,68,0,127263.3,7.9540
20260801T200454Z-minibits-b7641c0e-7e59438,minibits-b7641c0e,L1.B1.w1-autovec.w2-simple,frame,0.01,1,16000,68,1,127025.8,7.9391
20260801T200454Z-minibits-b7641c0e-7e59438,minibits-b7641c0e,L1.B1.w1-autovec.w2-simple,frame,0.01,1,16000,68,2,127302.3,7.9564
20260801T200454Z-minibits-b7641c0e-7e59438,minibits-b7641c0e,L1.B1.w1-autovec.w2-simple,frame,0.01,1,65000,68,0,505865.6,7.7825
20260801T200454Z-minibits-b7641c0e-7e59438,minibits-b7641c0e,L1.B1.w1-autovec.w2-simple,frame,0.01,1,65000,68,1,501345.2,7.7130
20260801T200454Z-minibits-b7641c0e-7e59438,minibits-b7641c0e,L1.B1.w1-autovec.w2-simple,frame,0.01,1,65000,68,2,495460.8,7.6225
20260801T200454Z-minibits-b7641c0e-7e59438,minibits-b7641c0e,L1.B1.w1-autovec.w2-simple,frame,0.01,1,262000,68,0,1999599.8,7.6321
20260801T200454Z-minibits-b7641c0e-7e59438,minibits-b7641c0e,L1.B1.w1-autovec.w2-simple,frame,0.01,1,262000,68,1,1976239.6,7.5429
20260801T200454Z-minibits-b7641c0e-7e59438,minibits-b7641c0e,L1.B1.w1-autovec.w2-simple,frame,0.01,1,262000,68,2,1991695.2,7.6019
20260801T200454Z-minibits-b7641c0e-7e59438,minibits-b7641c0e,L1.B1.w1-autovec.w2-simple,frame,0.01,1,1000000,68,0,7566079.2,7.5661
20260801T200454Z-minibits-b7641c0e-7e59438,minibits-b7641c0e,L1.B1.w1-autovec.w2-simple,frame,0.01,1,1000000,68,1,7660447.1,7.6604
20260801T200454Z-minibits-b7641c0e-7e59438,minibits-b7641c0e,L1.B1.w1-autovec.w2-simple,frame,0.01,1,1000000,68,2,7652689.8,7.6527
20260801T200454Z-minibits-b7641c0e-7e59438,minibits-b7641c0e,L1.B1.w1-autovec.w2-simple,frame,0.01,1,4000000,68,0,30606354.8,7.6516
20260801T200454Z-minibits-b7641c0e-7e59438,minibits-b7641c0e,L1.B1.w1-autovec.w2-simple,frame,0.01,1,4000000,68,1,30597641.5,7.6494
20260801T200454Z-minibits-b7641c0e-7e59438,minibits-b7641c0e,L1.B1.w1-autovec.w2-simple,frame,0.01,1,4000000,68,2,30631506.3,7.6579
20260801T200454Z-minibits-b7641c0e-7e59438,minibits-b7641c0e,L1.B1.w1-autovec.w2-simple,frame,0.05,1,4000,68,0,75701.0,18.9253
20260801T200454Z-minibits-b7641c0e-7e59438,minibits-b7641c0e,L1.B1.w1-autovec.w2-simple,frame,0.05,1,4000,68,1,58711.7,14.6779
20260801T200454Z-minibits-b7641c0e-7e59438,minibits-b7641c0e,L1.B1.w1-autovec.w2-simple,frame,0.05,1,4000,68,2,48998.5,12.2496
20260801T200454Z-minibits-b7641c0e-7e59438,minibits-b7641c0e,L1.B1.w1-autovec.w2-simple,frame,0.05,1,16000,68,0,148043.3,9.2527
20260801T200454Z-minibits-b7641c0e-7e59438,minibits-b7641c0e,L1.B1.w1-autovec.w2-simple,frame,0.05,1,16000,68,1,133416.3,8.3385
20260801T200454Z-minibits-b7641c0e-7e59438,minibits-b7641c0e,L1.B1.w1-autovec.w2-simple,frame,0.05,1,16000,68,2,133201.3,8.3251
20260801T200454Z-minibits-b7641c0e-7e59438,minibits-b7641c0e,L1.B1.w1-autovec.w2-simple,frame,0.05,1,65000,68,0,537084.8,8.2628
20260801T200454Z-minibits-b7641c0e-7e59438,minibits-b7641c0e,L1.B1.w1-autovec.w2-simple,frame,0.05,1,65000,68,1,548468.1,8.4380
20260801T200454Z-minibits-b7641c0e-7e59438,minibits-b7641c0e,L1.B1.w1-autovec.w2-simple,frame,0.05,1,65000,68,2,547350.8,8.4208
20260801T200454Z-minibits-b7641c0e-7e59438,minibits-b7641c0e,L1.B1.w1-autovec.w2-simple,frame,0.05,1,262000,68,0,2268842.7,8.6597
20260801T200454Z-minibits-b7641c0e-7e59438,minibits-b7641c0e,L1.B1.w1-autovec.w2-simple,frame,0.05,1,262000,68,1,2192039.0,8.3666
20260801T200454Z-minibits-b7641c0e-7e59438,minibits-b7641c0e,L1.B1.w1-autovec.w2-simple,frame,0.05,1,262000,68,2,2199902.1,8.3966
20260801T200454Z-minibits-b7641c0e-7e59438,minibits-b7641c0e,L1.B1.w1-autovec.w2-simple,frame,0.05,1,1000000,68,0,8328868.1,8.3289
20260801T200454Z-minibits-b7641c0e-7e59438,minibits-b7641c0e,L1.B1.w1-autovec.w2-simple,frame,0.05,1,1000000,68,1,8310733.1,8.3107
20260801T200454Z-minibits-b7641c0e-7e59438,minibits-b7641c0e,L1.B1.w1-autovec.w2-simple,frame,0.05,1,1000000,68,2,8313071.9,8.3131
20260801T200454Z-minibits-b7641c0e-7e59438,minibits-b7641c0e,L1.B1.w1-autovec.w2-simple,frame,0.05,1,4000000,68,0,33283907.1,8.3210
20260801T200454Z-minibits-b7641c0e-7e59438,minibits-b7641c0e,L1.B1.w1-autovec.w2-simple,frame,0.05,1,4000000,68,1,33397892.9,8.3495
20260801T200454Z-minibits-b7641c0e-7e59438,minibits-b7641c0e,L1.B1.w1-autovec.w2-simple,frame,0.05,1,4000000,68,2,33653062.3,8.4133
20260801T200454Z-minibits-b7641c0e-7e59438,minibits-b7641c0e,L1.B1.w1-autovec.w2-simple,frame,0.25,1,4000,68,0,44299.4,11.0748
20260801T200454Z-minibits-b7641c0e-7e59438,minibits-b7641c0e,L1.B1.w1-autovec.w2-simple,frame,0.25,1,4000,68,1,44406.9,11.1017
20260801T200454Z-minibits-b7641c0e-7e59438,minibits-b7641c0e,L1.B1.w1-autovec.w2-simple,frame,0.25,1,4000,68,2,44261.3,11.0653
20260801T200454Z-minibits-b7641c0e-7e59438,minibits-b7641c0e,L1.B1.w1-autovec.w2-simple,frame,0.25,1,16000,68,0,177515.0,11.0947
20260801T200454Z-minibits-b7641c0e-7e59438,minibits-b7641c0e,L1.B1.w1-autovec.w2-simple,frame,0.25,1,16000,68,1,176337.3,11.0211
20260801T200454Z-minibits-b7641c0e-7e59438,minibits-b7641c0e,L1.B1.w1-autovec.w2-simple,frame,0.25,1,16000,68,2,175507.5,10.9692
20260801T200454Z-minibits-b7641c0e-7e59438,minibits-b7641c0e,L1.B1.w1-autovec.w2-simple,frame,0.25,1,65000,68,0,722238.5,11.1114
20260801T200454Z-minibits-b7641c0e-7e59438,minibits-b7641c0e,L1.B1.w1-autovec.w2-simple,frame,0.25,1,65000,68,1,729603.5,11.2247
20260801T200454Z-minibits-b7641c0e-7e59438,minibits-b7641c0e,L1.B1.w1-autovec.w2-simple,frame,0.25,1,65000,68,2,723940.2,11.1375
20260801T200454Z-minibits-b7641c0e-7e59438,minibits-b7641c0e,L1.B1.w1-autovec.w2-simple,frame,0.25,1,262000,68,0,2916505.0,11.1317
20260801T200454Z-minibits-b7641c0e-7e59438,minibits-b7641c0e,L1.B1.w1-autovec.w2-simple,frame,0.25,1,262000,68,1,2905019.8,11.0879
20260801T200454Z-minibits-b7641c0e-7e59438,minibits-b7641c0e,L1.B1.w1-autovec.w2-simple,frame,0.25,1,262000,68,2,2895710.8,11.0523
20260801T200454Z-minibits-b7641c0e-7e59438,minibits-b7641c0e,L1.B1.w1-autovec.w2-simple,frame,0.25,1,1000000,68,0,11167902.9,11.1679
20260801T200454Z-minibits-b7641c0e-7e59438,minibits-b7641c0e,L1.B1.w1-autovec.w2-simple,frame,0.25,1,1000000,68,1,11267303.5,11.2673
20260801T200454Z-minibits-b7641c0e-7e59438,minibits-b7641c0e,L1.B1.w1-autovec.w2-simple,frame,0.25,1,1000000,68,2,11121595.0,11.1216
20260801T200454Z-minibits-b7641c0e-7e59438,minibits-b7641c0e,L1.B1.w1-autovec.w2-simple,frame,0.25,1,4000000,68,0,44477181.5,11.1193
20260801T200454Z-minibits-b7641c0e-7e59438,minibits-b7641c0e,L1.B1.w1-autovec.w2-simple,frame,0.25,1,4000000,68,1,44728280.6,11.1821
20260801T200454Z-minibits-b7641c0e-7e59438,minibits-b7641c0e,L1.B1.w1-autovec.w2-simple,frame,0.25,1,4000000,68,2,44438354.0,11.1096
20260801T200454Z-minibits-b7641c0e-7e59438,minibits-b7641c0e,L1.B1.w1-autovec.w2-opt,frame,0.01,1,4000,68,0,50378.1,12.5945
20260801T200454Z-minibits-b7641c0e-7e59438,minibits-b7641c0e,L1.B1.w1-autovec.w2-opt,frame,0.01,1,4000,68,1,47121.7,11.7804
20260801T200454Z-minibits-b7641c0e-7e59438,minibits-b7641c0e,L1.B1.w1-autovec.w2-opt,frame,0.01,1,4000,68,2,44975.2,11.2438
20260801T200454Z-minibits-b7641c0e-7e59438,minibits-b7641c0e,L1.B1.w1-autovec.w2-opt,frame,0.01,1,16000,68,0,127452.9,7.9658
20260801T200454Z-minibits-b7641c0e-7e59438,minibits-b7641c0e,L1.B1.w1-autovec.w2-opt,frame,0.01,1,16000,68,1,96988.5,6.0618
20260801T200454Z-minibits-b7641c0e-7e59438,minibits-b7641c0e,L1.B1.w1-autovec.w2-opt,frame,0.01,1,16000,68,2,84320.6,5.2700
20260801T200454Z-minibits-b7641c0e-7e59438,minibits-b7641c0e,L1.B1.w1-autovec.w2-opt,frame,0.01,1,65000,68,0,333346.3,5.1284
20260801T200454Z-minibits-b7641c0e-7e59438,minibits-b7641c0e,L1.B1.w1-autovec.w2-opt,frame,0.01,1,65000,68,1,343932.9,5.2913
20260801T200454Z-minibits-b7641c0e-7e59438,minibits-b7641c0e,L1.B1.w1-autovec.w2-opt,frame,0.01,1,65000,68,2,344837.5,5.3052
20260801T200454Z-minibits-b7641c0e-7e59438,minibits-b7641c0e,L1.B1.w1-autovec.w2-opt,frame,0.01,1,262000,68,0,1321688.5,5.0446
20260801T200454Z-minibits-b7641c0e-7e59438,minibits-b7641c0e,L1.B1.w1-autovec.w2-opt,frame,0.01,1,262000,68,1,1357193.8,5.1801
20260801T200454Z-minibits-b7641c0e-7e59438,minibits-b7641c0e,L1.B1.w1-autovec.w2-opt,frame,0.01,1,262000,68,2,1351758.1,5.1594
20260801T200454Z-minibits-b7641c0e-7e59438,minibits-b7641c0e,L1.B1.w1-autovec.w2-opt,frame,0.01,1,1000000,68,0,4993356.3,4.9934
20260801T200454Z-minibits-b7641c0e-7e59438,minibits-b7641c0e,L1.B1.w1-autovec.w2-opt,frame,0.01,1,1000000,68,1,5063581.3,5.0636
20260801T200454Z-minibits-b7641c0e-7e59438,minibits-b7641c0e,L1.B1.w1-autovec.w2-opt,frame,0.01,1,1000000,68,2,5065888.3,5.0659
20260801T200454Z-minibits-b7641c0e-7e59438,minibits-b7641c0e,L1.B1.w1-autovec.w2-opt,frame,0.01,1,4000000,68,0,19637249.6,4.9093
20260801T200454Z-minibits-b7641c0e-7e59438,minibits-b7641c0e,L1.B1.w1-autovec.w2-opt,frame,0.01,1,4000000,68,1,20205014.8,5.0513
20260801T200454Z-minibits-b7641c0e-7e59438,minibits-b7641c0e,L1.B1.w1-autovec.w2-opt,frame,0.01,1,4000000,68,2,20213887.1,5.0535
20260801T200454Z-minibits-b7641c0e-7e59438,minibits-b7641c0e,L1.B1.w1-autovec.w2-opt,frame,0.05,1,4000,68,0,45815.8,11.4540
20260801T200454Z-minibits-b7641c0e-7e59438,minibits-b7641c0e,L1.B1.w1-autovec.w2-opt,frame,0.05,1,4000,68,1,39852.9,9.9632
20260801T200454Z-minibits-b7641c0e-7e59438,minibits-b7641c0e,L1.B1.w1-autovec.w2-opt,frame,0.05,1,4000,68,2,35116.9,8.7792
20260801T200454Z-minibits-b7641c0e-7e59438,minibits-b7641c0e,L1.B1.w1-autovec.w2-opt,frame,0.05,1,16000,68,0,112442.9,7.0277
20260801T200454Z-minibits-b7641c0e-7e59438,minibits-b7641c0e,L1.B1.w1-autovec.w2-opt,frame,0.05,1,16000,68,1,95408.3,5.9630
20260801T200454Z-minibits-b7641c0e-7e59438,minibits-b7641c0e,L1.B1.w1-autovec.w2-opt,frame,0.05,1,16000,68,2,94437.3,5.9023
20260801T200454Z-minibits-b7641c0e-7e59438,minibits-b7641c0e,L1.B1.w1-autovec.w2-opt,frame,0.05,1,65000,68,0,378943.8,5.8299
20260801T200454Z-minibits-b7641c0e-7e59438,minibits-b7641c0e,L1.B1.w1-autovec.w2-opt,frame,0.05,1,65000,68,1,382125.2,5.8788
20260801T200454Z-minibits-b7641c0e-7e59438,minibits-b7641c0e,L1.B1.w1-autovec.w2-opt,frame,0.05,1,65000,68,2,381508.5,5.8694
20260801T200454Z-minibits-b7641c0e-7e59438,minibits-b7641c0e,L1.B1.w1-autovec.w2-opt,frame,0.05,1,262000,68,0,1509741.7,5.7624
20260801T200454Z-minibits-b7641c0e-7e59438,minibits-b7641c0e,L1.B1.w1-autovec.w2-opt,frame,0.05,1,262000,68,1,1520945.6,5.8051
20260801T200454Z-minibits-b7641c0e-7e59438,minibits-b7641c0e,L1.B1.w1-autovec.w2-opt,frame,0.05,1,262000,68,2,1520898.5,5.8050
20260801T200454Z-minibits-b7641c0e-7e59438,minibits-b7641c0e,L1.B1.w1-autovec.w2-opt,frame,0.05,1,1000000,68,0,5758744.4,5.7587
20260801T200454Z-minibits-b7641c0e-7e59438,minibits-b7641c0e,L1.B1.w1-autovec.w2-opt,frame,0.05,1,1000000,68,1,5813824.0,5.8138
20260801T200454Z-minibits-b7641c0e-7e59438,minibits-b7641c0e,L1.B1.w1-autovec.w2-opt,frame,0.05,1,1000000,68,2,5796988.8,5.7970
20260801T200454Z-minibits-b7641c0e-7e59438,minibits-b7641c0e,L1.B1.w1-autovec.w2-opt,frame,0.05,1,4000000,68,0,22885623.5,5.7214
20260801T200454Z-minibits-b7641c0e-7e59438,minibits-b7641c0e,L1.B1.w1-autovec.w2-opt,frame,0.05,1,4000000,68,1,23078702.3,5.7697
20260801T200454Z-minibits-b7641c0e-7e59438,minibits-b7641c0e,L1.B1.w1-autovec.w2-opt,frame,0.05,1,4000000,68,2,23137093.8,5.7843
20260801T200454Z-minibits-b7641c0e-7e59438,minibits-b7641c0e,L1.B1.w1-autovec.w2-opt,frame,0.25,1,4000,68,0,60685.6,15.1714
20260801T200454Z-minibits-b7641c0e-7e59438,minibits-b7641c0e,L1.B1.w1-autovec.w2-opt,frame,0.25,1,4000,68,1,56398.5,14.0996
20260801T200454Z-minibits-b7641c0e-7e59438,minibits-b7641c0e,L1.B1.w1-autovec.w2-opt,frame,0.25,1,4000,68,2,46165.6,11.5414
20260801T200454Z-minibits-b7641c0e-7e59438,minibits-b7641c0e,L1.B1.w1-autovec.w2-opt,frame,0.25,1,16000,68,0,143497.1,8.9686
20260801T200454Z-minibits-b7641c0e-7e59438,minibits-b7641c0e,L1.B1.w1-autovec.w2-opt,frame,0.25,1,16000,68,1,127655.0,7.9784
20260801T200454Z-minibits-b7641c0e-7e59438,minibits-b7641c0e,L1.B1.w1-autovec.w2-opt,frame,0.25,1,16000,68,2,128624.6,8.0390
20260801T200454Z-minibits-b7641c0e-7e59438,minibits-b7641c0e,L1.B1.w1-autovec.w2-opt,frame,0.25,1,65000,68,0,524211.7,8.0648
20260801T200454Z-minibits-b7641c0e-7e59438,minibits-b7641c0e,L1.B1.w1-autovec.w2-opt,frame,0.25,1,65000,68,1,523021.0,8.0465
20260801T200454Z-minibits-b7641c0e-7e59438,minibits-b7641c0e,L1.B1.w1-autovec.w2-opt,frame,0.25,1,65000,68,2,524467.1,8.0687
20260801T200454Z-minibits-b7641c0e-7e59438,minibits-b7641c0e,L1.B1.w1-autovec.w2-opt,frame,0.25,1,262000,68,0,2155221.5,8.2260
20260801T200454Z-minibits-b7641c0e-7e59438,minibits-b7641c0e,L1.B1.w1-autovec.w2-opt,frame,0.25,1,262000,68,1,2113550.2,8.0670
20260801T200454Z-minibits-b7641c0e-7e59438,minibits-b7641c0e,L1.B1.w1-autovec.w2-opt,frame,0.25,1,262000,68,2,2128410.0,8.1237
20260801T200454Z-minibits-b7641c0e-7e59438,minibits-b7641c0e,L1.B1.w1-autovec.w2-opt,frame,0.25,1,1000000,68,0,8105880.0,8.1059
20260801T200454Z-minibits-b7641c0e-7e59438,minibits-b7641c0e,L1.B1.w1-autovec.w2-opt,frame,0.25,1,1000000,68,1,8142708.5,8.1427
20260801T200454Z-minibits-b7641c0e-7e59438,minibits-b7641c0e,L1.B1.w1-autovec.w2-opt,frame,0.25,1,1000000,68,2,8125757.9,8.1258
20260801T200454Z-minibits-b7641c0e-7e59438,minibits-b7641c0e,L1.B1.w1-autovec.w2-opt,frame,0.25,1,4000000,68,0,32531148.8,8.1328
20260801T200454Z-minibits-b7641c0e-7e59438,minibits-b7641c0e,L1.B1.w1-autovec.w2-opt,frame,0.25,1,4000000,68,1,32530803.8,8.1327
20260801T200454Z-minibits-b7641c0e-7e59438,minibits-b7641c0e,L1.B1.w1-autovec.w2-opt,frame,0.25,1,4000000,68,2,32487728.1,8.1219
20260801T200454Z-minibits-b7641c0e-7e59438,minibits-b7641c0e,L1.B1.w1-scalar.w2-simple,frame,0.01,1,4000,68,0,33659.0,8.4147
20260801T200454Z-minibits-b7641c0e-7e59438,minibits-b7641c0e,L1.B1.w1-scalar.w2-simple,frame,0.01,1,4000,68,1,33454.2,8.3635
20260801T200454Z-minibits-b7641c0e-7e59438,minibits-b7641c0e,L1.B1.w1-scalar.w2-simple,frame,0.01,1,4000,68,2,33676.9,8.4192
20260801T200454Z-minibits-b7641c0e-7e59438,minibits-b7641c0e,L1.B1.w1-scalar.w2-simple,frame,0.01,1,16000,68,0,129872.3,8.1170
20260801T200454Z-minibits-b7641c0e-7e59438,minibits-b7641c0e,L1.B1.w1-scalar.w2-simple,frame,0.01,1,16000,68,1,130023.8,8.1265
20260801T200454Z-minibits-b7641c0e-7e59438,minibits-b7641c0e,L1.B1.w1-scalar.w2-simple,frame,0.01,1,16000,68,2,129249.6,8.0781
20260801T200454Z-minibits-b7641c0e-7e59438,minibits-b7641c0e,L1.B1.w1-scalar.w2-simple,frame,0.01,1,65000,68,0,518635.2,7.9790
20260801T200454Z-minibits-b7641c0e-7e59438,minibits-b7641c0e,L1.B1.w1-scalar.w2-simple,frame,0.01,1,65000,68,1,515286.5,7.9275
20260801T200454Z-minibits-b7641c0e-7e59438,minibits-b7641c0e,L1.B1.w1-scalar.w2-simple,frame,0.01,1,65000,68,2,514304.8,7.9124
20260801T200454Z-minibits-b7641c0e-7e59438,minibits-b7641c0e,L1.B1.w1-scalar.w2-simple,frame,0.01,1,262000,68,0,2072224.2,7.9093
20260801T200454Z-minibits-b7641c0e-7e59438,minibits-b7641c0e,L1.B1.w1-scalar.w2-simple,frame,0.01,1,262000,68,1,2087979.6,7.9694
20260801T200454Z-minibits-b7641c0e-7e59438,minibits-b7641c0e,L1.B1.w1-scalar.w2-simple,frame,0.01,1,262000,68,2,2059092.3,7.8591
20260801T200454Z-minibits-b7641c0e-7e59438,minibits-b7641c0e,L1.B1.w1-scalar.w2-simple,frame,0.01,1,1000000,68,0,7810783.5,7.8108
20260801T200454Z-minibits-b7641c0e-7e59438,minibits-b7641c0e,L1.B1.w1-scalar.w2-simple,frame,0.01,1,1000000,68,1,7867219.4,7.8672
20260801T200454Z-minibits-b7641c0e-7e59438,minibits-b7641c0e,L1.B1.w1-scalar.w2-simple,frame,0.01,1,1000000,68,2,7851111.0,7.8511
20260801T200454Z-minibits-b7641c0e-7e59438,minibits-b7641c0e,L1.B1.w1-scalar.w2-simple,frame,0.01,1,4000000,68,0,31479690.0,7.8699
20260801T200454Z-minibits-b7641c0e-7e59438,minibits-b7641c0e,L1.B1.w1-scalar.w2-simple,frame,0.01,1,4000000,68,1,31662902.7,7.9157
20260801T200454Z-minibits-b7641c0e-7e59438,minibits-b7641c0e,L1.B1.w1-scalar.w2-simple,frame,0.01,1,4000000,68,2,31705833.3,7.9265
20260801T200454Z-minibits-b7641c0e-7e59438,minibits-b7641c0e,L1.B1.w1-scalar.w2-simple,frame,0.05,1,4000,68,0,37727.9,9.4320
20260801T200454Z-minibits-b7641c0e-7e59438,minibits-b7641c0e,L1.B1.w1-scalar.w2-simple,frame,0.05,1,4000,68,1,35517.9,8.8795
20260801T200454Z-minibits-b7641c0e-7e59438,minibits-b7641c0e,L1.B1.w1-scalar.w2-simple,frame,0.05,1,4000,68,2,36199.4,9.0498
20260801T200454Z-minibits-b7641c0e-7e59438,minibits-b7641c0e,L1.B1.w1-scalar.w2-simple,frame,0.05,1,16000,68,0,140234.2,8.7646
20260801T200454Z-minibits-b7641c0e-7e59438,minibits-b7641c0e,L1.B1.w1-scalar.w2-simple,frame,0.05,1,16000,68,1,138272.1,8.6420
20260801T200454Z-minibits-b7641c0e-7e59438,minibits-b7641c0e,L1.B1.w1-scalar.w2-simple,frame,0.05,1,16000,68,2,138265.2,8.6416
20260801T200454Z-minibits-b7641c0e-7e59438,minibits-b7641c0e,L1.B1.w1-scalar.w2-simple,frame,0.05,1,65000,68,0,556104.0,8.5554
20260801T200454Z-minibits-b7641c0e-7e59438,minibits-b7641c0e,L1.B1.w1-scalar.w2-simple,frame,0.05,1,65000,68,1,558943.8,8.5991
20260801T200454Z-minibits-b7641c0e-7e59438,minibits-b7641c0e,L1.B1.w1-scalar.w2-simple,frame,0.05,1,65000,68,2,558428.8,8.5912
20260801T200454Z-minibits-b7641c0e-7e59438,minibits-b7641c0e,L1.B1.w1-scalar.w2-simple,frame,0.05,1,262000,68,0,2264480.4,8.6431
20260801T200454Z-minibits-b7641c0e-7e59438,minibits-b7641c0e,L1.B1.w1-scalar.w2-simple,frame,0.05,1,262000,68,1,2235999.4,8.5343
20260801T200454Z-minibits-b7641c0e-7e59438,minibits-b7641c0e,L1.B1.w1-scalar.w2-simple,frame,0.05,1,262000,68,2,2263976.0,8.6411
20260801T200454Z-minibits-b7641c0e-7e59438,minibits-b7641c0e,L1.B1.w1-scalar.w2-simple,frame,0.05,1,1000000,68,0,8532826.0,8.5328
20260801T200454Z-minibits-b7641c0e-7e59438,minibits-b7641c0e,L1.B1.w1-scalar.w2-simple,frame,0.05,1,1000000,68,1,8584684.6,8.5847
20260801T200454Z-minibits-b7641c0e-7e59438,minibits-b7641c0e,L1.B1.w1-scalar.w2-simple,frame,0.05,1,1000000,68,2,8598595.8,8.5986
20260801T200454Z-minibits-b7641c0e-7e59438,minibits-b7641c0e,L1.B1.w1-scalar.w2-simple,frame,0.05,1,4000000,68,0,34225946.3,8.5565
20260801T200454Z-minibits-b7641c0e-7e59438,minibits-b7641c0e,L1.B1.w1-scalar.w2-simple,frame,0.05,1,4000000,68,1,34280505.8,8.5701
20260801T200454Z-minibits-b7641c0e-7e59438,minibits-b7641c0e,L1.B1.w1-scalar.w2-simple,frame,0.05,1,4000000,68,2,34278018.1,8.5695
20260801T200454Z-minibits-b7641c0e-7e59438,minibits-b7641c0e,L1.B1.w1-scalar.w2-simple,frame,0.25,1,4000,68,0,56102.9,14.0257
20260801T200454Z-minibits-b7641c0e-7e59438,minibits-b7641c0e,L1.B1.w1-scalar.w2-simple,frame,0.25,1,4000,68,1,50730.0,12.6825
20260801T200454Z-minibits-b7641c0e-7e59438,minibits-b7641c0e,L1.B1.w1-scalar.w2-simple,frame,0.25,1,4000,68,2,47493.5,11.8734
20260801T200454Z-minibits-b7641c0e-7e59438,minibits-b7641c0e,L1.B1.w1-scalar.w2-simple,frame,0.25,1,16000,68,0,178040.4,11.1275
20260801T200454Z-minibits-b7641c0e-7e59438,minibits-b7641c0e,L1.B1.w1-scalar.w2-simple,frame,0.25,1,16000,68,1,178270.6,11.1419
20260801T200454Z-minibits-b7641c0e-7e59438,minibits-b7641c0e,L1.B1.w1-scalar.w2-simple,frame,0.25,1,16000,68,2,178674.8,11.1672
20260801T200454Z-minibits-b7641c0e-7e59438,minibits-b7641c0e,L1.B1.w1-scalar.w2-simple,frame,0.25,1,65000,68,0,736061.7,11.3240
20260801T200454Z-minibits-b7641c0e-7e59438,minibits-b7641c0e,L1.B1.w1-scalar.w2-simple,frame,0.25,1,65000,68,1,732177.1,11.2643
20260801T200454Z-minibits-b7641c0e-7e59438,minibits-b7641c0e,L1.B1.w1-scalar.w2-simple,frame,0.25,1,65000,68,2,724673.1,11.1488
20260801T200454Z-minibits-b7641c0e-7e59438,minibits-b7641c0e,L1.B1.w1-scalar.w2-simple,frame,0.25,1,262000,68,0,2944292.3,11.2378
20260801T200454Z-minibits-b7641c0e-7e59438,minibits-b7641c0e,L1.B1.w1-scalar.w2-simple,frame,0.25,1,262000,68,1,2953011.7,11.2710
20260801T200454Z-minibits-b7641c0e-7e59438,minibits-b7641c0e,L1.B1.w1-scalar.w2-simple,frame,0.25,1,262000,68,2,2929680.0,11.1820
20260801T200454Z-minibits-b7641c0e-7e59438,minibits-b7641c0e,L1.B1.w1-scalar.w2-simple,frame,0.25,1,1000000,68,0,11238770.8,11.2388
20260801T200454Z-minibits-b7641c0e-7e59438,minibits-b7641c0e,L1.B1.w1-scalar.w2-simple,frame,0.25,1,1000000,68,1,11203774.2,11.2038
20260801T200454Z-minibits-b7641c0e-7e59438,minibits-b7641c0e,L1.B1.w1-scalar.w2-simple,frame,0.25,1,1000000,68,2,11232051.7,11.2321
20260801T200454Z-minibits-b7641c0e-7e59438,minibits-b7641c0e,L1.B1.w1-scalar.w2-simple,frame,0.25,1,4000000,68,0,45075991.0,11.2690
20260801T200454Z-minibits-b7641c0e-7e59438,minibits-b7641c0e,L1.B1.w1-scalar.w2-simple,frame,0.25,1,4000000,68,1,45024437.9,11.2561
20260801T200454Z-minibits-b7641c0e-7e59438,minibits-b7641c0e,L1.B1.w1-scalar.w2-simple,frame,0.25,1,4000000,68,2,45023559.0,11.2559
20260801T200454Z-minibits-b7641c0e-7e59438,minibits-b7641c0e,L1.B1.w1-autovec-par.w2-simple,frame,0.01,1,4000,69,0,38285.6,9.5714
20260801T200454Z-minibits-b7641c0e-7e59438,minibits-b7641c0e,L1.B1.w1-autovec-par.w2-simple,frame,0.01,1,4000,69,1,36581.0,9.1453
20260801T200454Z-minibits-b7641c0e-7e59438,minibits-b7641c0e,L1.B1.w1-autovec-par.w2-simple,frame,0.01,1,4000,69,2,35013.3,8.7533
20260801T200454Z-minibits-b7641c0e-7e59438,minibits-b7641c0e,L1.B1.w1-autovec-par.w2-simple,frame,0.01,1,16000,69,0,131482.5,8.2177
20260801T200454Z-minibits-b7641c0e-7e59438,minibits-b7641c0e,L1.B1.w1-autovec-par.w2-simple,frame,0.01,1,16000,69,1,129288.1,8.0805
20260801T200454Z-minibits-b7641c0e-7e59438,minibits-b7641c0e,L1.B1.w1-autovec-par.w2-simple,frame,0.01,1,16000,69,2,130353.5,8.1471
20260801T200454Z-minibits-b7641c0e-7e59438,minibits-b7641c0e,L1.B1.w1-autovec-par.w2-simple,frame,0.01,1,65000,69,0,519011.3,7.9848
20260801T200454Z-minibits-b7641c0e-7e59438,minibits-b7641c0e,L1.B1.w1-autovec-par.w2-simple,frame,0.01,1,65000,69,1,522226.3,8.0343
20260801T200454Z-minibits-b7641c0e-7e59438,minibits-b7641c0e,L1.B1.w1-autovec-par.w2-simple,frame,0.01,1,65000,69,2,524948.5,8.0761
20260801T200454Z-minibits-b7641c0e-7e59438,minibits-b7641c0e,L1.B1.w1-autovec-par.w2-simple,frame,0.01,1,262000,69,0,2092536.7,7.9868
20260801T200454Z-minibits-b7641c0e-7e59438,minibits-b7641c0e,L1.B1.w1-autovec-par.w2-simple,frame,0.01,1,262000,69,1,2085332.1,7.9593
20260801T200454Z-minibits-b7641c0e-7e59438,minibits-b7641c0e,L1.B1.w1-autovec-par.w2-simple,frame,0.01,1,262000,69,2,2133514.2,8.1432
20260801T200454Z-minibits-b7641c0e-7e59438,minibits-b7641c0e,L1.B1.w1-autovec-par.w2-simple,frame,0.01,1,1000000,69,0,8053751.3,8.0538
20260801T200454Z-minibits-b7641c0e-7e59438,minibits-b7641c0e,L1.B1.w1-autovec-par.w2-simple,frame,0.01,1,1000000,69,1,8103332.7,8.1033
20260801T200454Z-minibits-b7641c0e-7e59438,minibits-b7641c0e,L1.B1.w1-autovec-par.w2-simple,frame,0.01,1,1000000,69,2,8116666.9,8.1167
20260801T200454Z-minibits-b7641c0e-7e59438,minibits-b7641c0e,L1.B1.w1-autovec-par.w2-simple,frame,0.01,1,4000000,69,0,32062311.0,8.0156
20260801T200454Z-minibits-b7641c0e-7e59438,minibits-b7641c0e,L1.B1.w1-autovec-par.w2-simple,frame,0.01,1,4000000,69,1,32304960.0,8.0762
20260801T200454Z-minibits-b7641c0e-7e59438,minibits-b7641c0e,L1.B1.w1-autovec-par.w2-simple,frame,0.01,1,4000000,69,2,32208802.7,8.0522
20260801T200454Z-minibits-b7641c0e-7e59438,minibits-b7641c0e,L1.B1.w1-autovec-par.w2-simple,frame,0.05,1,4000,69,0,68286.5,17.0716
20260801T200454Z-minibits-b7641c0e-7e59438,minibits-b7641c0e,L1.B1.w1-autovec-par.w2-simple,frame,0.05,1,4000,69,1,53410.8,13.3527
20260801T200454Z-minibits-b7641c0e-7e59438,minibits-b7641c0e,L1.B1.w1-autovec-par.w2-simple,frame,0.05,1,4000,69,2,46928.1,11.7320
20260801T200454Z-minibits-b7641c0e-7e59438,minibits-b7641c0e,L1.B1.w1-autovec-par.w2-simple,frame,0.05,1,16000,69,0,148876.7,9.3048
20260801T200454Z-minibits-b7641c0e-7e59438,minibits-b7641c0e,L1.B1.w1-autovec-par.w2-simple,frame,0.05,1,16000,69,1,133845.4,8.3653
20260801T200454Z-minibits-b7641c0e-7e59438,minibits-b7641c0e,L1.B1.w1-autovec-par.w2-simple,frame,0.05,1,16000,69,2,133690.6,8.3557
20260801T200454Z-minibits-b7641c0e-7e59438,minibits-b7641c0e,L1.B1.w1-autovec-par.w2-simple,frame,0.05,1,65000,69,0,537711.7,8.2725
20260801T200454Z-minibits-b7641c0e-7e59438,minibits-b7641c0e,L1.B1.w1-autovec-par.w2-simple,frame,0.05,1,65000,69,1,537601.5,8.2708
20260801T200454Z-minibits-b7641c0e-7e59438,minibits-b7641c0e,L1.B1.w1-autovec-par.w2-simple,frame,0.05,1,65000,69,2,536766.3,8.2579
20260801T200454Z-minibits-b7641c0e-7e59438,minibits-b7641c0e,L1.B1.w1-autovec-par.w2-simple,frame,0.05,1,262000,69,0,2190262.9,8.3598
20260801T200454Z-minibits-b7641c0e-7e59438,minibits-b7641c0e,L1.B1.w1-autovec-par.w2-simple,frame,0.05,1,262000,69,1,2195947.5,8.3815
20260801T200454Z-minibits-b7641c0e-7e59438,minibits-b7641c0e,L1.B1.w1-autovec-par.w2-simple,frame,0.05,1,262000,69,2,2177871.9,8.3125
20260801T200454Z-minibits-b7641c0e-7e59438,minibits-b7641c0e,L1.B1.w1-autovec-par.w2-simple,frame,0.05,1,1000000,69,0,8832401.7,8.8324
20260801T200454Z-minibits-b7641c0e-7e59438,minibits-b7641c0e,L1.B1.w1-autovec-par.w2-simple,frame,0.05,1,1000000,69,1,8865396.9,8.8654
20260801T200454Z-minibits-b7641c0e-7e59438,minibits-b7641c0e,L1.B1.w1-autovec-par.w2-simple,frame,0.05,1,1000000,69,2,8862547.5,8.8625
20260801T200454Z-minibits-b7641c0e-7e59438,minibits-b7641c0e,L1.B1.w1-autovec-par.w2-simple,frame,0.05,1,4000000,69,0,35346171.7,8.8365
20260801T200454Z-minibits-b7641c0e-7e59438,minibits-b7641c0e,L1.B1.w1-autovec-par.w2-simple,frame,0.05,1,4000000,69,1,35364015.6,8.8410
20260801T200454Z-minibits-b7641c0e-7e59438,minibits-b7641c0e,L1.B1.w1-autovec-par.w2-simple,frame,0.05,1,4000000,69,2,35399442.9,8.8499
20260801T200454Z-minibits-b7641c0e-7e59438,minibits-b7641c0e,L1.B1.w1-autovec-par.w2-simple,frame,0.25,1,4000,69,0,99001.3,24.7503
20260801T200454Z-minibits-b7641c0e-7e59438,minibits-b7641c0e,L1.B1.w1-autovec-par.w2-simple,frame,0.25,1,4000,69,1,65855.8,16.4640
20260801T200454Z-minibits-b7641c0e-7e59438,minibits-b7641c0e,L1.B1.w1-autovec-par.w2-simple,frame,0.25,1,4000,69,2,53580.2,13.3951
20260801T200454Z-minibits-b7641c0e-7e59438,minibits-b7641c0e,L1.B1.w1-autovec-par.w2-simple,frame,0.25,1,16000,69,0,172893.1,10.8058
20260801T200454Z-minibits-b7641c0e-7e59438,minibits-b7641c0e,L1.B1.w1-autovec-par.w2-simple,frame,0.25,1,16000,69,1,157594.2,9.8496
20260801T200454Z-minibits-b7641c0e-7e59438,minibits-b7641c0e,L1.B1.w1-autovec-par.w2-simple,frame,0.25,1,16000,69,2,157606.5,9.8504
20260801T200454Z-minibits-b7641c0e-7e59438,minibits-b7641c0e,L1.B1.w1-autovec-par.w2-simple,frame,0.25,1,65000,69,0,662454.4,10.1916
20260801T200454Z-minibits-b7641c0e-7e59438,minibits-b7641c0e,L1.B1.w1-autovec-par.w2-simple,frame,0.25,1,65000,69,1,666071.0,10.2472
20260801T200454Z-minibits-b7641c0e-7e59438,minibits-b7641c0e,L1.B1.w1-autovec-par.w2-simple,frame,0.25,1,65000,69,2,665427.3,10.2373
20260801T200454Z-minibits-b7641c0e-7e59438,minibits-b7641c0e,L1.B1.w1-autovec-par.w2-simple,frame,0.25,1,262000,69,0,2686767.7,10.2548
20260801T200454Z-minibits-b7641c0e-7e59438,minibits-b7641c0e,L1.B1.w1-autovec-par.w2-simple,frame,0.25,1,262000,69,1,2684378.3,10.2457
20260801T200454Z-minibits-b7641c0e-7e59438,minibits-b7641c0e,L1.B1.w1-autovec-par.w2-simple,frame,0.25,1,262000,69,2,2689181.7,10.2641
20260801T200454Z-minibits-b7641c0e-7e59438,minibits-b7641c0e,L1.B1.w1-autovec-par.w2-simple,frame,0.25,1,1000000,69,0,10261486.3,10.2615
20260801T200454Z-minibits-b7641c0e-7e59438,minibits-b7641c0e,L1.B1.w1-autovec-par.w2-simple,frame,0.25,1,1000000,69,1,10242321.3,10.2423
20260801T200454Z-minibits-b7641c0e-7e59438,minibits-b7641c0e,L1.B1.w1-autovec-par.w2-simple,frame,0.25,1,1000000,69,2,10253210.4,10.2532
20260801T200454Z-minibits-b7641c0e-7e59438,minibits-b7641c0e,L1.B1.w1-autovec-par.w2-simple,frame,0.25,1,4000000,69,0,41001752.3,10.2504
20260801T200454Z-minibits-b7641c0e-7e59438,minibits-b7641c0e,L1.B1.w1-autovec-par.w2-simple,frame,0.25,1,4000000,69,1,40972813.1,10.2432
20260801T200454Z-minibits-b7641c0e-7e59438,minibits-b7641c0e,L1.B1.w1-autovec-par.w2-simple,frame,0.25,1,4000000,69,2,40965555.4,10.2414
20260801T200454Z-minibits-b7641c0e-7e59438,minibits-b7641c0e,L1.B1.w1-blend.w2-simple,frame,0.01,1,4000,68,0,74606.3,18.6516
20260801T200454Z-minibits-b7641c0e-7e59438,minibits-b7641c0e,L1.B1.w1-blend.w2-simple,frame,0.01,1,4000,68,1,48848.5,12.2121
20260801T200454Z-minibits-b7641c0e-7e59438,minibits-b7641c0e,L1.B1.w1-blend.w2-simple,frame,0.01,1,4000,68,2,41330.2,10.3326
20260801T200454Z-minibits-b7641c0e-7e59438,minibits-b7641c0e,L1.B1.w1-blend.w2-simple,frame,0.01,1,16000,68,0,121716.9,7.6073
20260801T200454Z-minibits-b7641c0e-7e59438,minibits-b7641c0e,L1.B1.w1-blend.w2-simple,frame,0.01,1,16000,68,1,101472.9,6.3421
20260801T200454Z-minibits-b7641c0e-7e59438,minibits-b7641c0e,L1.B1.w1-blend.w2-simple,frame,0.01,1,16000,68,2,97175.6,6.0735
20260801T200454Z-minibits-b7641c0e-7e59438,minibits-b7641c0e,L1.B1.w1-blend.w2-simple,frame,0.01,1,65000,68,0,384962.3,5.9225
20260801T200454Z-minibits-b7641c0e-7e59438,minibits-b7641c0e,L1.B1.w1-blend.w2-simple,frame,0.01,1,65000,68,1,383791.7,5.9045
20260801T200454Z-minibits-b7641c0e-7e59438,minibits-b7641c0e,L1.B1.w1-blend.w2-simple,frame,0.01,1,65000,68,2,385200.6,5.9262
20260801T200454Z-minibits-b7641c0e-7e59438,minibits-b7641c0e,L1.B1.w1-blend.w2-simple,frame,0.01,1,262000,68,0,1556752.3,5.9418
20260801T200454Z-minibits-b7641c0e-7e59438,minibits-b7641c0e,L1.B1.w1-blend.w2-simple,frame,0.01,1,262000,68,1,1555112.9,5.9355
20260801T200454Z-minibits-b7641c0e-7e59438,minibits-b7641c0e,L1.B1.w1-blend.w2-simple,frame,0.01,1,262000,68,2,1535932.1,5.8623
20260801T200454Z-minibits-b7641c0e-7e59438,minibits-b7641c0e,L1.B1.w1-blend.w2-simple,frame,0.01,1,1000000,68,0,6019385.2,6.0194
20260801T200454Z-minibits-b7641c0e-7e59438,minibits-b7641c0e,L1.B1.w1-blend.w2-simple,frame,0.01,1,1000000,68,1,6066251.3,6.0663
20260801T200454Z-minibits-b7641c0e-7e59438,minibits-b7641c0e,L1.B1.w1-blend.w2-simple,frame,0.01,1,1000000,68,2,6035559.2,6.0356
20260801T200454Z-minibits-b7641c0e-7e59438,minibits-b7641c0e,L1.B1.w1-blend.w2-simple,frame,0.01,1,4000000,68,0,24615014.0,6.1538
20260801T200454Z-minibits-b7641c0e-7e59438,minibits-b7641c0e,L1.B1.w1-blend.w2-simple,frame,0.01,1,4000000,68,1,24746206.9,6.1866
20260801T200454Z-minibits-b7641c0e-7e59438,minibits-b7641c0e,L1.B1.w1-blend.w2-simple,frame,0.01,1,4000000,68,2,24773056.7,6.1933
20260801T200454Z-minibits-b7641c0e-7e59438,minibits-b7641c0e,L1.B1.w1-blend.w2-simple,frame,0.05,1,4000,68,0,53607.7,13.4019
20260801T200454Z-minibits-b7641c0e-7e59438,minibits-b7641c0e,L1.B1.w1-blend.w2-simple,frame,0.05,1,4000,68,1,43669.2,10.9173
20260801T200454Z-minibits-b7641c0e-7e59438,minibits-b7641c0e,L1.B1.w1-blend.w2-simple,frame,0.05,1,4000,68,2,38139.4,9.5348
20260801T200454Z-minibits-b7641c0e-7e59438,minibits-b7641c0e,L1.B1.w1-blend.w2-simple,frame,0.05,1,16000,68,0,121538.3,7.5961
20260801T200454Z-minibits-b7641c0e-7e59438,minibits-b7641c0e,L1.B1.w1-blend.w2-simple,frame,0.05,1,16000,68,1,103565.2,6.4728
20260801T200454Z-minibits-b7641c0e-7e59438,minibits-b7641c0e,L1.B1.w1-blend.w2-simple,frame,0.05,1,16000,68,2,101099.6,6.3187
20260801T200454Z-minibits-b7641c0e-7e59438,minibits-b7641c0e,L1.B1.w1-blend.w2-simple,frame,0.05,1,65000,68,0,406023.5,6.2465
20260801T200454Z-minibits-b7641c0e-7e59438,minibits-b7641c0e,L1.B1.w1-blend.w2-simple,frame,0.05,1,65000,68,1,410033.3,6.3082
20260801T200454Z-minibits-b7641c0e-7e59438,minibits-b7641c0e,L1.B1.w1-blend.w2-simple,frame,0.05,1,65000,68,2,414476.5,6.3766
20260801T200454Z-minibits-b7641c0e-7e59438,minibits-b7641c0e,L1.B1.w1-blend.w2-simple,frame,0.05,1,262000,68,0,1663411.5,6.3489
20260801T200454Z-minibits-b7641c0e-7e59438,minibits-b7641c0e,L1.B1.w1-blend.w2-simple,frame,0.05,1,262000,68,1,1666670.2,6.3613
20260801T200454Z-minibits-b7641c0e-7e59438,minibits-b7641c0e,L1.B1.w1-blend.w2-simple,frame,0.05,1,262000,68,2,1677942.5,6.4044
20260801T200454Z-minibits-b7641c0e-7e59438,minibits-b7641c0e,L1.B1.w1-blend.w2-simple,frame,0.05,1,1000000,68,0,6291915.6,6.2919
20260801T200454Z-minibits-b7641c0e-7e59438,minibits-b7641c0e,L1.B1.w1-blend.w2-simple,frame,0.05,1,1000000,68,1,6359610.8,6.3596
20260801T200454Z-minibits-b7641c0e-7e59438,minibits-b7641c0e,L1.B1.w1-blend.w2-simple,frame,0.05,1,1000000,68,2,6348815.2,6.3488
20260801T200454Z-minibits-b7641c0e-7e59438,minibits-b7641c0e,L1.B1.w1-blend.w2-simple,frame,0.05,1,4000000,68,0,25455302.9,6.3638
20260801T200454Z-minibits-b7641c0e-7e59438,minibits-b7641c0e,L1.B1.w1-blend.w2-simple,frame,0.05,1,4000000,68,1,25446800.6,6.3617
20260801T200454Z-minibits-b7641c0e-7e59438,minibits-b7641c0e,L1.B1.w1-blend.w2-simple,frame,0.05,1,4000000,68,2,25462136.3,6.3655
20260801T200454Z-minibits-b7641c0e-7e59438,minibits-b7641c0e,L1.B1.w1-blend.w2-simple,frame,0.25,1,4000,68,0,62909.2,15.7273
20260801T200454Z-minibits-b7641c0e-7e59438,minibits-b7641c0e,L1.B1.w1-blend.w2-simple,frame,0.25,1,4000,68,1,50357.7,12.5894
20260801T200454Z-minibits-b7641c0e-7e59438,minibits-b7641c0e,L1.B1.w1-blend.w2-simple,frame,0.25,1,4000,68,2,45283.1,11.3208
20260801T200454Z-minibits-b7641c0e-7e59438,minibits-b7641c0e,L1.B1.w1-blend.w2-simple,frame,0.25,1,16000,68,0,147796.0,9.2373
20260801T200454Z-minibits-b7641c0e-7e59438,minibits-b7641c0e,L1.B1.w1-blend.w2-simple,frame,0.25,1,16000,68,1,131716.9,8.2323
20260801T200454Z-minibits-b7641c0e-7e59438,minibits-b7641c0e,L1.B1.w1-blend.w2-simple,frame,0.25,1,16000,68,2,132990.0,8.3119
20260801T200454Z-minibits-b7641c0e-7e59438,minibits-b7641c0e,L1.B1.w1-blend.w2-simple,frame,0.25,1,65000,68,0,546714.8,8.4110
20260801T200454Z-minibits-b7641c0e-7e59438,minibits-b7641c0e,L1.B1.w1-blend.w2-simple,frame,0.25,1,65000,68,1,547516.3,8.4233
20260801T200454Z-minibits-b7641c0e-7e59438,minibits-b7641c0e,L1.B1.w1-blend.w2-simple,frame,0.25,1,65000,68,2,553114.0,8.5094
20260801T200454Z-minibits-b7641c0e-7e59438,minibits-b7641c0e,L1.B1.w1-blend.w2-simple,frame,0.25,1,262000,68,0,2222536.0,8.4830
20260801T200454Z-minibits-b7641c0e-7e59438,minibits-b7641c0e,L1.B1.w1-blend.w2-simple,frame,0.25,1,262000,68,1,2210214.8,8.4359
20260801T200454Z-minibits-b7641c0e-7e59438,minibits-b7641c0e,L1.B1.w1-blend.w2-simple,frame,0.25,1,262000,68,2,2230703.8,8.5141
20260801T200454Z-minibits-b7641c0e-7e59438,minibits-b7641c0e,L1.B1.w1-blend.w2-simple,frame,0.25,1,1000000,68,0,8463686.3,8.4637
20260801T200454Z-minibits-b7641c0e-7e59438,minibits-b7641c0e,L1.B1.w1-blend.w2-simple,frame,0.25,1,1000000,68,1,8457879.6,8.4579
20260801T200454Z-minibits-b7641c0e-7e59438,minibits-b7641c0e,L1.B1.w1-blend.w2-simple,frame,0.25,1,1000000,68,2,8454373.3,8.4544
20260801T200454Z-minibits-b7641c0e-7e59438,minibits-b7641c0e,L1.B1.w1-blend.w2-simple,frame,0.25,1,4000000,68,0,33847959.8,8.4620
20260801T200454Z-minibits-b7641c0e-7e59438,minibits-b7641c0e,L1.B1.w1-blend.w2-simple,frame,0.25,1,4000000,68,1,33846383.1,8.4616
20260801T200454Z-minibits-b7641c0e-7e59438,minibits-b7641c0e,L1.B1.w1-blend.w2-simple,frame,0.25,1,4000000,68,2,33865725.0,8.4664
20260801T200454Z-minibits-b7641c0e-7e59438,minibits-b7641c0e,L1.B1.w1-blend-par.w2-simple,frame,0.01,1,4000,68,0,53830.4,13.4576
20260801T200454Z-minibits-b7641c0e-7e59438,minibits-b7641c0e,L1.B1.w1-blend-par.w2-simple,frame,0.01,1,4000,68,1,43337.5,10.8344
20260801T200454Z-minibits-b7641c0e-7e59438,minibits-b7641c0e,L1.B1.w1-blend-par.w2-simple,frame,0.01,1,4000,68,2,38152.1,9.5380
20260801T200454Z-minibits-b7641c0e-7e59438,minibits-b7641c0e,L1.B1.w1-blend-par.w2-simple,frame,0.01,1,16000,68,0,119449.8,7.4656
20260801T200454Z-minibits-b7641c0e-7e59438,minibits-b7641c0e,L1.B1.w1-blend-par.w2-simple,frame,0.01,1,16000,68,1,100914.0,6.3071
20260801T200454Z-minibits-b7641c0e-7e59438,minibits-b7641c0e,L1.B1.w1-blend-par.w2-simple,frame,0.01,1,16000,68,2,98347.3,6.1467
20260801T200454Z-minibits-b7641c0e-7e59438,minibits-b7641c0e,L1.B1.w1-blend-par.w2-simple,frame,0.01,1,65000,68,0,388994.0,5.9845
20260801T200454Z-minibits-b7641c0e-7e59438,minibits-b7641c0e,L1.B1.w1-blend-par.w2-simple,frame,0.01,1,65000,68,1,386266.7,5.9426
20260801T200454Z-minibits-b7641c0e-7e59438,minibits-b7641c0e,L1.B1.w1-blend-par.w2-simple,frame,0.01,1,65000,68,2,386296.7,5.9430
20260801T200454Z-minibits-b7641c0e-7e59438,minibits-b7641c0e,L1.B1.w1-blend-par.w2-simple,frame,0.01,1,262000,68,0,1558860.2,5.9498
20260801T200454Z-minibits-b7641c0e-7e59438,minibits-b7641c0e,L1.B1.w1-blend-par.w2-simple,frame,0.01,1,262000,68,1,1589147.7,6.0654
20260801T200454Z-minibits-b7641c0e-7e59438,minibits-b7641c0e,L1.B1.w1-blend-par.w2-simple,frame,0.01,1,262000,68,2,1577270.8,6.0201
20260801T200454Z-minibits-b7641c0e-7e59438,minibits-b7641c0e,L1.B1.w1-blend-par.w2-simple,frame,0.01,1,1000000,68,0,6101752.9,6.1018
20260801T200454Z-minibits-b7641c0e-7e59438,minibits-b7641c0e,L1.B1.w1-blend-par.w2-simple,frame,0.01,1,1000000,68,1,6146878.8,6.1469
20260801T200454Z-minibits-b7641c0e-7e59438,minibits-b7641c0e,L1.B1.w1-blend-par.w2-simple,frame,0.01,1,1000000,68,2,6108621.3,6.1086
20260801T200454Z-minibits-b7641c0e-7e59438,minibits-b7641c0e,L1.B1.w1-blend-par.w2-simple,frame,0.01,1,4000000,68,0,24839841.5,6.2100
20260801T200454Z-minibits-b7641c0e-7e59438,minibits-b7641c0e,L1.B1.w1-blend-par.w2-simple,frame,0.01,1,4000000,68,1,24810973.5,6.2027
20260801T200454Z-minibits-b7641c0e-7e59438,minibits-b7641c0e,L1.B1.w1-blend-par.w2-simple,frame,0.01,1,4000000,68,2,24925007.9,6.2313
20260801T200454Z-minibits-b7641c0e-7e59438,minibits-b7641c0e,L1.B1.w1-blend-par.w2-simple,frame,0.05,1,4000,68,0,53235.0,13.3088
20260801T200454Z-minibits-b7641c0e-7e59438,minibits-b7641c0e,L1.B1.w1-blend-par.w2-simple,frame,0.05,1,4000,68,1,43722.7,10.9307
20260801T200454Z-minibits-b7641c0e-7e59438,minibits-b7641c0e,L1.B1.w1-blend-par.w2-simple,frame,0.05,1,4000,68,2,38202.9,9.5507
20260801T200454Z-minibits-b7641c0e-7e59438,minibits-b7641c0e,L1.B1.w1-blend-par.w2-simple,frame,0.05,1,16000,68,0,123448.3,7.7155
20260801T200454Z-minibits-b7641c0e-7e59438,minibits-b7641c0e,L1.B1.w1-blend-par.w2-simple,frame,0.05,1,16000,68,1,104983.1,6.5614
20260801T200454Z-minibits-b7641c0e-7e59438,minibits-b7641c0e,L1.B1.w1-blend-par.w2-simple,frame,0.05,1,16000,68,2,103198.5,6.4499
20260801T200454Z-minibits-b7641c0e-7e59438,minibits-b7641c0e,L1.B1.w1-blend-par.w2-simple,frame,0.05,1,65000,68,0,414448.5,6.3761
20260801T200454Z-minibits-b7641c0e-7e59438,minibits-b7641c0e,L1.B1.w1-blend-par.w2-simple,frame,0.05,1,65000,68,1,413889.2,6.3675
20260801T200454Z-minibits-b7641c0e-7e59438,minibits-b7641c0e,L1.B1.w1-blend-par.w2-simple,frame,0.05,1,65000,68,2,419183.3,6.4490
20260801T200454Z-minibits-b7641c0e-7e59438,minibits-b7641c0e,L1.B1.w1-blend-par.w2-simple,frame,0.05,1,262000,68,0,1688208.5,6.4435
20260801T200454Z-minibits-b7641c0e-7e59438,minibits-b7641c0e,L1.B1.w1-blend-par.w2-simple,frame,0.05,1,262000,68,1,1689623.1,6.4489
20260801T200454Z-minibits-b7641c0e-7e59438,minibits-b7641c0e,L1.B1.w1-blend-par.w2-simple,frame,0.05,1,262000,68,2,1704759.4,6.5067
20260801T200454Z-minibits-b7641c0e-7e59438,minibits-b7641c0e,L1.B1.w1-blend-par.w2-simple,frame,0.05,1,1000000,68,0,6393429.8,6.3934
20260801T200454Z-minibits-b7641c0e-7e59438,minibits-b7641c0e,L1.B1.w1-blend-par.w2-simple,frame,0.05,1,1000000,68,1,6427679.2,6.4277
20260801T200454Z-minibits-b7641c0e-7e59438,minibits-b7641c0e,L1.B1.w1-blend-par.w2-simple,frame,0.05,1,1000000,68,2,6426782.1,6.4268
20260801T200454Z-minibits-b7641c0e-7e59438,minibits-b7641c0e,L1.B1.w1-blend-par.w2-simple,frame,0.05,1,4000000,68,0,25699280.8,6.4248
20260801T200454Z-minibits-b7641c0e-7e59438,minibits-b7641c0e,L1.B1.w1-blend-par.w2-simple,frame,0.05,1,4000000,68,1,25726692.3,6.4317
20260801T200454Z-minibits-b7641c0e-7e59438,minibits-b7641c0e,L1.B1.w1-blend-par.w2-simple,frame,0.05,1,4000000,68,2,25687738.8,6.4219
20260801T200454Z-minibits-b7641c0e-7e59438,minibits-b7641c0e,L1.B1.w1-blend-par.w2-simple,frame,0.25,1,4000,68,0,72040.4,18.0101
20260801T200454Z-minibits-b7641c0e-7e59438,minibits-b7641c0e,L1.B1.w1-blend-par.w2-simple,frame,0.25,1,4000,68,1,54888.5,13.7221
20260801T200454Z-minibits-b7641c0e-7e59438,minibits-b7641c0e,L1.B1.w1-blend-par.w2-simple,frame,0.25,1,4000,68,2,46095.6,11.5239
20260801T200454Z-minibits-b7641c0e-7e59438,minibits-b7641c0e,L1.B1.w1-blend-par.w2-simple,frame,0.25,1,16000,68,0,150603.5,9.4127
20260801T200454Z-minibits-b7641c0e-7e59438,minibits-b7641c0e,L1.B1.w1-blend-par.w2-simple,frame,0.25,1,16000,68,1,134315.6,8.3947
20260801T200454Z-minibits-b7641c0e-7e59438,minibits-b7641c0e,L1.B1.w1-blend-par.w2-simple,frame,0.25,1,16000,68,2,134226.7,8.3892
20260801T200454Z-minibits-b7641c0e-7e59438,minibits-b7641c0e,L1.B1.w1-blend-par.w2-simple,frame,0.25,1,65000,68,0,551811.5,8.4894
20260801T200454Z-minibits-b7641c0e-7e59438,minibits-b7641c0e,L1.B1.w1-blend-par.w2-simple,frame,0.25,1,65000,68,1,551845.0,8.4899
20260801T200454Z-minibits-b7641c0e-7e59438,minibits-b7641c0e,L1.B1.w1-blend-par.w2-simple,frame,0.25,1,65000,68,2,551228.8,8.4804
20260801T200454Z-minibits-b7641c0e-7e59438,minibits-b7641c0e,L1.B1.w1-blend-par.w2-simple,frame,0.25,1,262000,68,0,2245789.6,8.5717
20260801T200454Z-minibits-b7641c0e-7e59438,minibits-b7641c0e,L1.B1.w1-blend-par.w2-simple,frame,0.25,1,262000,68,1,2247271.3,8.5774
20260801T200454Z-minibits-b7641c0e-7e59438,minibits-b7641c0e,L1.B1.w1-blend-par.w2-simple,frame,0.25,1,262000,68,2,2238641.9,8.5444
20260801T200454Z-minibits-b7641c0e-7e59438,minibits-b7641c0e,L1.B1.w1-blend-par.w2-simple,frame,0.25,1,1000000,68,0,8523866.9,8.5239
20260801T200454Z-minibits-b7641c0e-7e59438,minibits-b7641c0e,L1.B1.w1-blend-par.w2-simple,frame,0.25,1,1000000,68,1,8545616.0,8.5456
20260801T200454Z-minibits-b7641c0e-7e59438,minibits-b7641c0e,L1.B1.w1-blend-par.w2-simple,frame,0.25,1,1000000,68,2,8532139.6,8.5321
20260801T200454Z-minibits-b7641c0e-7e59438,minibits-b7641c0e,L1.B1.w1-blend-par.w2-simple,frame,0.25,1,4000000,68,0,34181794.2,8.5454
20260801T200454Z-minibits-b7641c0e-7e59438,minibits-b7641c0e,L1.B1.w1-blend-par.w2-simple,frame,0.25,1,4000000,68,1,34115768.5,8.5289
20260801T200454Z-minibits-b7641c0e-7e59438,minibits-b7641c0e,L1.B1.w1-blend-par.w2-simple,frame,0.25,1,4000000,68,2,34166044.6,8.5415
20260801T200454Z-minibits-b7641c0e-7e59438,minibits-b7641c0e,L1.B1.w1-halide.w2-simple,frame,0.01,1,4000,68,0,74954.0,18.7385
20260801T200454Z-minibits-b7641c0e-7e59438,minibits-b7641c0e,L1.B1.w1-halide.w2-simple,frame,0.01,1,4000,68,1,55858.3,13.9646
20260801T200454Z-minibits-b7641c0e-7e59438,minibits-b7641c0e,L1.B1.w1-halide.w2-simple,frame,0.01,1,4000,68,2,47035.0,11.7588
20260801T200454Z-minibits-b7641c0e-7e59438,minibits-b7641c0e,L1.B1.w1-halide.w2-simple,frame,0.01,1,16000,68,0,146802.3,9.1751
20260801T200454Z-minibits-b7641c0e-7e59438,minibits-b7641c0e,L1.B1.w1-halide.w2-simple,frame,0.01,1,16000,68,1,130232.7,8.1395
20260801T200454Z-minibits-b7641c0e-7e59438,minibits-b7641c0e,L1.B1.w1-halide.w2-simple,frame,0.01,1,16000,68,2,131124.6,8.1953
20260801T200454Z-minibits-b7641c0e-7e59438,minibits-b7641c0e,L1.B1.w1-halide.w2-simple,frame,0.01,1,65000,68,0,520359.6,8.0055
20260801T200454Z-minibits-b7641c0e-7e59438,minibits-b7641c0e,L1.B1.w1-halide.w2-simple,frame,0.01,1,65000,68,1,519730.2,7.9958
20260801T200454Z-minibits-b7641c0e-7e59438,minibits-b7641c0e,L1.B1.w1-halide.w2-simple,frame,0.01,1,65000,68,2,519279.2,7.9889
20260801T200454Z-minibits-b7641c0e-7e59438,minibits-b7641c0e,L1.B1.w1-halide.w2-simple,frame,0.01,1,262000,68,0,2096275.8,8.0011
20260801T200454Z-minibits-b7641c0e-7e59438,minibits-b7641c0e,L1.B1.w1-halide.w2-simple,frame,0.01,1,262000,68,1,2110035.4,8.0536
20260801T200454Z-minibits-b7641c0e-7e59438,minibits-b7641c0e,L1.B1.w1-halide.w2-simple,frame,0.01,1,262000,68,2,2099143.8,8.0120
20260801T200454Z-minibits-b7641c0e-7e59438,minibits-b7641c0e,L1.B1.w1-halide.w2-simple,frame,0.01,1,1000000,68,0,7946219.8,7.9462
20260801T200454Z-minibits-b7641c0e-7e59438,minibits-b7641c0e,L1.B1.w1-halide.w2-simple,frame,0.01,1,1000000,68,1,7979424.6,7.9794
20260801T200454Z-minibits-b7641c0e-7e59438,minibits-b7641c0e,L1.B1.w1-halide.w2-simple,frame,0.01,1,1000000,68,2,7978928.1,7.9789
20260801T200454Z-minibits-b7641c0e-7e59438,minibits-b7641c0e,L1.B1.w1-halide.w2-simple,frame,0.01,1,4000000,68,0,31855409.0,7.9639
20260801T200454Z-minibits-b7641c0e-7e59438,minibits-b7641c0e,L1.B1.w1-halide.w2-simple,frame,0.01,1,4000000,68,1,31952845.2,7.9882
20260801T200454Z-minibits-b7641c0e-7e59438,minibits-b7641c0e,L1.B1.w1-halide.w2-simple,frame,0.01,1,4000000,68,2,32045223.3,8.0113
20260801T200454Z-minibits-b7641c0e-7e59438,minibits-b7641c0e,L1.B1.w1-halide.w2-simple,frame,0.05,1,4000,68,0,55121.3,13.7803
20260801T200454Z-minibits-b7641c0e-7e59438,minibits-b7641c0e,L1.B1.w1-halide.w2-simple,frame,0.05,1,4000,68,1,47121.9,11.7805
20260801T200454Z-minibits-b7641c0e-7e59438,minibits-b7641c0e,L1.B1.w1-halide.w2-simple,frame,0.05,1,4000,68,2,42709.8,10.6774
20260801T200454Z-minibits-b7641c0e-7e59438,minibits-b7641c0e,L1.B1.w1-halide.w2-simple,frame,0.05,1,16000,68,0,141879.0,8.8674
20260801T200454Z-minibits-b7641c0e-7e59438,minibits-b7641c0e,L1.B1.w1-halide.w2-simple,frame,0.05,1,16000,68,1,131648.5,8.2280
20260801T200454Z-minibits-b7641c0e-7e59438,minibits-b7641c0e,L1.B1.w1-halide.w2-simple,frame,0.05,1,16000,68,2,131875.4,8.2422
20260801T200454Z-minibits-b7641c0e-7e59438,minibits-b7641c0e,L1.B1.w1-halide.w2-simple,frame,0.05,1,65000,68,0,529810.0,8.1509
20260801T200454Z-minibits-b7641c0e-7e59438,minibits-b7641c0e,L1.B1.w1-halide.w2-simple,frame,0.05,1,65000,68,1,523907.1,8.0601
20260801T200454Z-minibits-b7641c0e-7e59438,minibits-b7641c0e,L1.B1.w1-halide.w2-simple,frame,0.05,1,65000,68,2,516644.2,7.9484
20260801T200454Z-minibits-b7641c0e-7e59438,minibits-b7641c0e,L1.B1.w1-halide.w2-simple,frame,0.05,1,262000,68,0,2101828.3,8.0222
20260801T200454Z-minibits-b7641c0e-7e59438,minibits-b7641c0e,L1.B1.w1-halide.w2-simple,frame,0.05,1,262000,68,1,2066070.4,7.8858
20260801T200454Z-minibits-b7641c0e-7e59438,minibits-b7641c0e,L1.B1.w1-halide.w2-simple,frame,0.05,1,262000,68,2,2116699.2,8.0790
20260801T200454Z-minibits-b7641c0e-7e59438,minibits-b7641c0e,L1.B1.w1-halide.w2-simple,frame,0.05,1,1000000,68,0,7973731.0,7.9737
20260801T200454Z-minibits-b7641c0e-7e59438,minibits-b7641c0e,L1.B1.w1-halide.w2-simple,frame,0.05,1,1000000,68,1,7970880.4,7.9709
20260801T200454Z-minibits-b7641c0e-7e59438,minibits-b7641c0e,L1.B1.w1-halide.w2-simple,frame,0.05,1,1000000,68,2,7964626.7,7.9646
20260801T200454Z-minibits-b7641c0e-7e59438,minibits-b7641c0e,L1.B1.w1-halide.w2-simple,frame,0.05,1,4000000,68,0,31870628.5,7.9677
20260801T200454Z-minibits-b7641c0e-7e59438,minibits-b7641c0e,L1.B1.w1-halide.w2-simple,frame,0.05,1,4000000,68,1,31899384.4,7.9748
20260801T200454Z-minibits-b7641c0e-7e59438,minibits-b7641c0e,L1.B1.w1-halide.w2-simple,frame,0.05,1,4000000,68,2,31902148.5,7.9755
20260801T200454Z-minibits-b7641c0e-7e59438,minibits-b7641c0e,L1.B1.w1-halide.w2-simple,frame,0.25,1,4000,68,0,62859.0,15.7147
20260801T200454Z-minibits-b7641c0e-7e59438,minibits-b7641c0e,L1.B1.w1-halide.w2-simple,frame,0.25,1,4000,68,1,50632.5,12.6581
20260801T200454Z-minibits-b7641c0e-7e59438,minibits-b7641c0e,L1.B1.w1-halide.w2-simple,frame,0.25,1,4000,68,2,43136.0,10.7840
20260801T200454Z-minibits-b7641c0e-7e59438,minibits-b7641c0e,L1.B1.w1-halide.w2-simple,frame,0.25,1,16000,68,0,139737.3,8.7336
20260801T200454Z-minibits-b7641c0e-7e59438,minibits-b7641c0e,L1.B1.w1-halide.w2-simple,frame,0.25,1,16000,68,1,122939.0,7.6837
20260801T200454Z-minibits-b7641c0e-7e59438,minibits-b7641c0e,L1.B1.w1-halide.w2-simple,frame,0.25,1,16000,68,2,122650.6,7.6657
20260801T200454Z-minibits-b7641c0e-7e59438,minibits-b7641c0e,L1.B1.w1-halide.w2-simple,frame,0.25,1,65000,68,0,500043.5,7.6930
20260801T200454Z-minibits-b7641c0e-7e59438,minibits-b7641c0e,L1.B1.w1-halide.w2-simple,frame,0.25,1,65000,68,1,500846.3,7.7053
20260801T200454Z-minibits-b7641c0e-7e59438,minibits-b7641c0e,L1.B1.w1-halide.w2-simple,frame,0.25,1,65000,68,2,505956.9,7.7840
20260801T200454Z-minibits-b7641c0e-7e59438,minibits-b7641c0e,L1.B1.w1-halide.w2-simple,frame,0.25,1,262000,68,0,2023488.5,7.7232
20260801T200454Z-minibits-b7641c0e-7e59438,minibits-b7641c0e,L1.B1.w1-halide.w2-simple,frame,0.25,1,262000,68,1,2040198.3,7.7870
20260801T200454Z-minibits-b7641c0e-7e59438,minibits-b7641c0e,L1.B1.w1-halide.w2-simple,frame,0.25,1,262000,68,2,2028703.3,7.7431
20260801T200454Z-minibits-b7641c0e-7e59438,minibits-b7641c0e,L1.B1.w1-halide.w2-simple,frame,0.25,1,1000000,68,0,7745429.2,7.7454
20260801T200454Z-minibits-b7641c0e-7e59438,minibits-b7641c0e,L1.B1.w1-halide.w2-simple,frame,0.25,1,1000000,68,1,7736346.0,7.7363
20260801T200454Z-minibits-b7641c0e-7e59438,minibits-b7641c0e,L1.B1.w1-halide.w2-simple,frame,0.25,1,1000000,68,2,7737428.3,7.7374
20260801T200454Z-minibits-b7641c0e-7e59438,minibits-b7641c0e,L1.B1.w1-halide.w2-simple,frame,0.25,1,4000000,68,0,31009893.3,7.7525
20260801T200454Z-minibits-b7641c0e-7e59438,minibits-b7641c0e,L1.B1.w1-halide.w2-simple,frame,0.25,1,4000000,68,1,31015815.8,7.7540
20260801T200454Z-minibits-b7641c0e-7e59438,minibits-b7641c0e,L1.B1.w1-halide.w2-simple,frame,0.25,1,4000000,68,2,31067511.7,7.7669
20260801T200454Z-minibits-b7641c0e-7e59438,minibits-b7641c0e,L1.B1.w1-halide.w2-opt,frame,0.01,1,4000,68,0,43082.3,10.7706
20260801T200454Z-minibits-b7641c0e-7e59438,minibits-b7641c0e,L1.B1.w1-halide.w2-opt,frame,0.01,1,4000,68,1,37194.4,9.2986
20260801T200454Z-minibits-b7641c0e-7e59438,minibits-b7641c0e,L1.B1.w1-halide.w2-opt,frame,0.01,1,4000,68,2,32820.6,8.2052
20260801T200454Z-minibits-b7641c0e-7e59438,minibits-b7641c0e,L1.B1.w1-halide.w2-opt,frame,0.01,1,16000,68,0,106634.2,6.6646
20260801T200454Z-minibits-b7641c0e-7e59438,minibits-b7641c0e,L1.B1.w1-halide.w2-opt,frame,0.01,1,16000,68,1,91634.8,5.7272
20260801T200454Z-minibits-b7641c0e-7e59438,minibits-b7641c0e,L1.B1.w1-halide.w2-opt,frame,0.01,1,16000,68,2,86385.8,5.3991
20260801T200454Z-minibits-b7641c0e-7e59438,minibits-b7641c0e,L1.B1.w1-halide.w2-opt,frame,0.01,1,65000,68,0,341973.5,5.2611
20260801T200454Z-minibits-b7641c0e-7e59438,minibits-b7641c0e,L1.B1.w1-halide.w2-opt,frame,0.01,1,65000,68,1,352465.4,5.4225
20260801T200454Z-minibits-b7641c0e-7e59438,minibits-b7641c0e,L1.B1.w1-halide.w2-opt,frame,0.01,1,65000,68,2,352928.5,5.4297
20260801T200454Z-minibits-b7641c0e-7e59438,minibits-b7641c0e,L1.B1.w1-halide.w2-opt,frame,0.01,1,262000,68,0,1382196.7,5.2756
20260801T200454Z-minibits-b7641c0e-7e59438,minibits-b7641c0e,L1.B1.w1-halide.w2-opt,frame,0.01,1,262000,68,1,1412207.5,5.3901
20260801T200454Z-minibits-b7641c0e-7e59438,minibits-b7641c0e,L1.B1.w1-halide.w2-opt,frame,0.01,1,262000,68,2,1418673.3,5.4148
20260801T200454Z-minibits-b7641c0e-7e59438,minibits-b7641c0e,L1.B1.w1-halide.w2-opt,frame,0.01,1,1000000,68,0,5214249.6,5.2142
20260801T200454Z-minibits-b7641c0e-7e59438,minibits-b7641c0e,L1.B1.w1-halide.w2-opt,frame,0.01,1,1000000,68,1,5339842.9,5.3398
20260801T200454Z-minibits-b7641c0e-7e59438,minibits-b7641c0e,L1.B1.w1-halide.w2-opt,frame,0.01,1,1000000,68,2,5336583.3,5.3366
20260801T200454Z-minibits-b7641c0e-7e59438,minibits-b7641c0e,L1.B1.w1-halide.w2-opt,frame,0.01,1,4000000,68,0,20803862.7,5.2010
20260801T200454Z-minibits-b7641c0e-7e59438,minibits-b7641c0e,L1.B1.w1-halide.w2-opt,frame,0.01,1,4000000,68,1,21241354.8,5.3103
20260801T200454Z-minibits-b7641c0e-7e59438,minibits-b7641c0e,L1.B1.w1-halide.w2-opt,frame,0.01,1,4000000,68,2,21217737.7,5.3044
20260801T200454Z-minibits-b7641c0e-7e59438,minibits-b7641c0e,L1.B1.w1-halide.w2-opt,frame,0.05,1,4000,68,0,43204.0,10.8010
20260801T200454Z-minibits-b7641c0e-7e59438,minibits-b7641c0e,L1.B1.w1-halide.w2-opt,frame,0.05,1,4000,68,1,36618.3,9.1546
20260801T200454Z-minibits-b7641c0e-7e59438,minibits-b7641c0e,L1.B1.w1-halide.w2-opt,frame,0.05,1,4000,68,2,32308.8,8.0772
20260801T200454Z-minibits-b7641c0e-7e59438,minibits-b7641c0e,L1.B1.w1-halide.w2-opt,frame,0.05,1,16000,68,0,109546.0,6.8466
20260801T200454Z-minibits-b7641c0e-7e59438,minibits-b7641c0e,L1.B1.w1-halide.w2-opt,frame,0.05,1,16000,68,1,92392.9,5.7746
20260801T200454Z-minibits-b7641c0e-7e59438,minibits-b7641c0e,L1.B1.w1-halide.w2-opt,frame,0.05,1,16000,68,2,86765.8,5.4229
20260801T200454Z-minibits-b7641c0e-7e59438,minibits-b7641c0e,L1.B1.w1-halide.w2-opt,frame,0.05,1,65000,68,0,351562.1,5.4086
20260801T200454Z-minibits-b7641c0e-7e59438,minibits-b7641c0e,L1.B1.w1-halide.w2-opt,frame,0.05,1,65000,68,1,354612.5,5.4556
20260801T200454Z-minibits-b7641c0e-7e59438,minibits-b7641c0e,L1.B1.w1-halide.w2-opt,frame,0.05,1,65000,68,2,353878.1,5.4443
20260801T200454Z-minibits-b7641c0e-7e59438,minibits-b7641c0e,L1.B1.w1-halide.w2-opt,frame,0.05,1,262000,68,0,1414907.9,5.4004
20260801T200454Z-minibits-b7641c0e-7e59438,minibits-b7641c0e,L1.B1.w1-halide.w2-opt,frame,0.05,1,262000,68,1,1425914.2,5.4424
20260801T200454Z-minibits-b7641c0e-7e59438,minibits-b7641c0e,L1.B1.w1-halide.w2-opt,frame,0.05,1,262000,68,2,1426269.6,5.4438
20260801T200454Z-minibits-b7641c0e-7e59438,minibits-b7641c0e,L1.B1.w1-halide.w2-opt,frame,0.05,1,1000000,68,0,5382843.5,5.3828
20260801T200454Z-minibits-b7641c0e-7e59438,minibits-b7641c0e,L1.B1.w1-halide.w2-opt,frame,0.05,1,1000000,68,1,5421772.1,5.4218
20260801T200454Z-minibits-b7641c0e-7e59438,minibits-b7641c0e,L1.B1.w1-halide.w2-opt,frame,0.05,1,1000000,68,2,5407674.0,5.4077
20260801T200454Z-minibits-b7641c0e-7e59438,minibits-b7641c0e,L1.B1.w1-halide.w2-opt,frame,0.05,1,4000000,68,0,21548988.1,5.3872
20260801T200454Z-minibits-b7641c0e-7e59438,minibits-b7641c0e,L1.B1.w1-halide.w2-opt,frame,0.05,1,4000000,68,1,21652258.1,5.4131
20260801T200454Z-minibits-b7641c0e-7e59438,minibits-b7641c0e,L1.B1.w1-halide.w2-opt,frame,0.05,1,4000000,68,2,21633958.1,5.4085
20260801T200454Z-minibits-b7641c0e-7e59438,minibits-b7641c0e,L1.B1.w1-halide.w2-opt,frame,0.25,1,4000,68,0,39153.3,9.7883
20260801T200454Z-minibits-b7641c0e-7e59438,minibits-b7641c0e,L1.B1.w1-halide.w2-opt,frame,0.25,1,4000,68,1,33437.5,8.3594
20260801T200454Z-minibits-b7641c0e-7e59438,minibits-b7641c0e,L1.B1.w1-halide.w2-opt,frame,0.25,1,4000,68,2,29967.5,7.4919
20260801T200454Z-minibits-b7641c0e-7e59438,minibits-b7641c0e,L1.B1.w1-halide.w2-opt,frame,0.25,1,16000,68,0,97490.8,6.0932
20260801T200454Z-minibits-b7641c0e-7e59438,minibits-b7641c0e,L1.B1.w1-halide.w2-opt,frame,0.25,1,16000,68,1,83150.8,5.1969
20260801T200454Z-minibits-b7641c0e-7e59438,minibits-b7641c0e,L1.B1.w1-halide.w2-opt,frame,0.25,1,16000,68,2,75810.0,4.7381
20260801T200454Z-minibits-b7641c0e-7e59438,minibits-b7641c0e,L1.B1.w1-halide.w2-opt,frame,0.25,1,65000,68,0,305060.2,4.6932
20260801T200454Z-minibits-b7641c0e-7e59438,minibits-b7641c0e,L1.B1.w1-halide.w2-opt,frame,0.25,1,65000,68,1,305076.3,4.6935
20260801T200454Z-minibits-b7641c0e-7e59438,minibits-b7641c0e,L1.B1.w1-halide.w2-opt,frame,0.25,1,65000,68,2,305188.8,4.6952
20260801T200454Z-minibits-b7641c0e-7e59438,minibits-b7641c0e,L1.B1.w1-halide.w2-opt,frame,0.25,1,262000,68,0,1224892.9,4.6752
20260801T200454Z-minibits-b7641c0e-7e59438,minibits-b7641c0e,L1.B1.w1-halide.w2-opt,frame,0.25,1,262000,68,1,1233362.3,4.7075
20260801T200454Z-minibits-b7641c0e-7e59438,minibits-b7641c0e,L1.B1.w1-halide.w2-opt,frame,0.25,1,262000,68,2,1232589.0,4.7045
20260801T200454Z-minibits-b7641c0e-7e59438,minibits-b7641c0e,L1.B1.w1-halide.w2-opt,frame,0.25,1,1000000,68,0,4715368.8,4.7154
20260801T200454Z-minibits-b7641c0e-7e59438,minibits-b7641c0e,L1.B1.w1-halide.w2-opt,frame,0.25,1,1000000,68,1,4710085.0,4.7101
20260801T200454Z-minibits-b7641c0e-7e59438,minibits-b7641c0e,L1.B1.w1-halide.w2-opt,frame,0.25,1,1000000,68,2,4712519.4,4.7125
20260801T200454Z-minibits-b7641c0e-7e59438,minibits-b7641c0e,L1.B1.w1-halide.w2-opt,frame,0.25,1,4000000,68,0,18858812.7,4.7147
20260801T200454Z-minibits-b7641c0e-7e59438,minibits-b7641c0e,L1.B1.w1-halide.w2-opt,frame,0.25,1,4000000,68,1,18833336.5,4.7083
20260801T200454Z-minibits-b7641c0e-7e59438,minibits-b7641c0e,L1.B1.w1-halide.w2-opt,frame,0.25,1,4000000,68,2,18828494.8,4.7071
20260801T200454Z-minibits-b7641c0e-7e59438,minibits-b7641c0e,L1.B1.w1-halide-par.w2-simple,frame,0.01,1,4000,68,0,295209.4,73.8023
20260801T200454Z-minibits-b7641c0e-7e59438,minibits-b7641c0e,L1.B1.w1-halide-par.w2-simple,frame,0.01,1,4000,68,1,322651.9,80.6630
20260801T200454Z-minibits-b7641c0e-7e59438,minibits-b7641c0e,L1.B1.w1-halide-par.w2-simple,frame,0.01,1,4000,68,2,248030.0,62.0075
20260801T200454Z-minibits-b7641c0e-7e59438,minibits-b7641c0e,L1.B1.w1-halide-par.w2-simple,frame,0.01,1,16000,68,0,1029839.8,64.3650
20260801T200454Z-minibits-b7641c0e-7e59438,minibits-b7641c0e,L1.B1.w1-halide-par.w2-simple,frame,0.01,1,16000,68,1,1052480.4,65.7800
20260801T200454Z-minibits-b7641c0e-7e59438,minibits-b7641c0e,L1.B1.w1-halide-par.w2-simple,frame,0.01,1,16000,68,2,995042.1,62.1901
20260801T200454Z-minibits-b7641c0e-7e59438,minibits-b7641c0e,L1.B1.w1-halide-par.w2-simple,frame,0.01,1,65000,68,0,3740700.6,57.5492
20260801T200454Z-minibits-b7641c0e-7e59438,minibits-b7641c0e,L1.B1.w1-halide-par.w2-simple,frame,0.01,1,65000,68,1,4466109.0,68.7094
20260801T200454Z-minibits-b7641c0e-7e59438,minibits-b7641c0e,L1.B1.w1-halide-par.w2-simple,frame,0.01,1,65000,68,2,4225633.8,65.0098
20260801T200454Z-minibits-b7641c0e-7e59438,minibits-b7641c0e,L1.B1.w1-halide-par.w2-simple,frame,0.01,1,262000,68,0,16379772.5,62.5182
20260801T200454Z-minibits-b7641c0e-7e59438,minibits-b7641c0e,L1.B1.w1-halide-par.w2-simple,frame,0.01,1,262000,68,1,14497508.3,55.3340
20260801T200454Z-minibits-b7641c0e-7e59438,minibits-b7641c0e,L1.B1.w1-halide-par.w2-simple,frame,0.01,1,262000,68,2,15811765.4,60.3502
20260801T200454Z-minibits-b7641c0e-7e59438,minibits-b7641c0e,L1.B1.w1-halide-par.w2-simple,frame,0.01,1,1000000,68,0,63237394.2,63.2374
20260801T200454Z-minibits-b7641c0e-7e59438,minibits-b7641c0e,L1.B1.w1-halide-par.w2-simple,frame,0.01,1,1000000,68,1,64394607.5,64.3946
20260801T200454Z-minibits-b7641c0e-7e59438,minibits-b7641c0e,L1.B1.w1-halide-par.w2-simple,frame,0.01,1,1000000,68,2,62735278.3,62.7353
20260801T200454Z-minibits-b7641c0e-7e59438,minibits-b7641c0e,L1.B1.w1-halide-par.w2-simple,frame,0.01,1,4000000,68,0,244383564.0,61.0959
20260801T200454Z-minibits-b7641c0e-7e59438,minibits-b7641c0e,L1.B1.w1-halide-par.w2-simple,frame,0.01,1,4000000,68,1,198288342.9,49.5721
20260801T200454Z-minibits-b7641c0e-7e59438,minibits-b7641c0e,L1.B1.w1-halide-par.w2-simple,frame,0.01,1,4000000,68,2,192950003.3,48.2375
20260801T200454Z-minibits-b7641c0e-7e59438,minibits-b7641c0e,L1.B1.w1-halide-par.w2-simple,frame,0.05,1,4000,68,0,341790.4,85.4476
20260801T200454Z-minibits-b7641c0e-7e59438,minibits-b7641c0e,L1.B1.w1-halide-par.w2-simple,frame,0.05,1,4000,68,1,269460.8,67.3652
20260801T200454Z-minibits-b7641c0e-7e59438,minibits-b7641c0e,L1.B1.w1-halide-par.w2-simple,frame,0.05,1,4000,68,2,292799.2,73.1998
20260801T200454Z-minibits-b7641c0e-7e59438,minibits-b7641c0e,L1.B1.w1-halide-par.w2-simple,frame,0.05,1,16000,68,0,740793.1,46.2996
20260801T200454Z-minibits-b7641c0e-7e59438,minibits-b7641c0e,L1.B1.w1-halide-par.w2-simple,frame,0.05,1,16000,68,1,1042321.5,65.1451
20260801T200454Z-minibits-b7641c0e-7e59438,minibits-b7641c0e,L1.B1.w1-halide-par.w2-simple,frame,0.05,1,16000,68,2,1045517.9,65.3449
20260801T200454Z-minibits-b7641c0e-7e59438,minibits-b7641c0e,L1.B1.w1-halide-par.w2-simple,frame,0.05,1,65000,68,0,4280126.5,65.8481
20260801T200454Z-minibits-b7641c0e-7e59438,minibits-b7641c0e,L1.B1.w1-halide-par.w2-simple,frame,0.05,1,65000,68,1,3648007.7,56.1232
20260801T200454Z-minibits-b7641c0e-7e59438,minibits-b7641c0e,L1.B1.w1-halide-par.w2-simple,frame,0.05,1,65000,68,2,3939529.0,60.6081
20260801T200454Z-minibits-b7641c0e-7e59438,minibits-b7641c0e,L1.B1.w1-halide-par.w2-simple,frame,0.05,1,262000,68,0,13452610.6,51.3458
20260801T200454Z-minibits-b7641c0e-7e59438,minibits-b7641c0e,L1.B1.w1-halide-par.w2-simple,frame,0.05,1,262000,68,1,12471773.5,47.6022
20260801T200454Z-minibits-b7641c0e-7e59438,minibits-b7641c0e,L1.B1.w1-halide-par.w2-simple,frame,0.05,1,262000,68,2,12234345.8,46.6960
20260801T200454Z-minibits-b7641c0e-7e59438,minibits-b7641c0e,L1.B1.w1-halide-par.w2-simple,frame,0.05,1,1000000,68,0,48853944.4,48.8539
20260801T200454Z-minibits-b7641c0e-7e59438,minibits-b7641c0e,L1.B1.w1-halide-par.w2-simple,frame,0.05,1,1000000,68,1,48157475.8,48.1575
20260801T200454Z-minibits-b7641c0e-7e59438,minibits-b7641c0e,L1.B1.w1-halide-par.w2-simple,frame,0.05,1,1000000,68,2,50505346.0,50.5053
20260801T200454Z-minibits-b7641c0e-7e59438,minibits-b7641c0e,L1.B1.w1-halide-par.w2-simple,frame,0.05,1,4000000,68,0,203041819.8,50.7605
20260801T200454Z-minibits-b7641c0e-7e59438,minibits-b7641c0e,L1.B1.w1-halide-par.w2-simple,frame,0.05,1,4000000,68,1,208311520.0,52.0779
20260801T200454Z-minibits-b7641c0e-7e59438,minibits-b7641c0e,L1.B1.w1-halide-par.w2-simple,frame,0.05,1,4000000,68,2,177133084.2,44.2833
20260801T200454Z-minibits-b7641c0e-7e59438,minibits-b7641c0e,L1.B1.w1-halide-par.w2-simple,frame,0.25,1,4000,68,0,107418.8,26.8547
20260801T200454Z-minibits-b7641c0e-7e59438,minibits-b7641c0e,L1.B1.w1-halide-par.w2-simple,frame,0.25,1,4000,68,1,173447.5,43.3619
20260801T200454Z-minibits-b7641c0e-7e59438,minibits-b7641c0e,L1.B1.w1-halide-par.w2-simple,frame,0.25,1,4000,68,2,199231.9,49.8080
20260801T200454Z-minibits-b7641c0e-7e59438,minibits-b7641c0e,L1.B1.w1-halide-par.w2-simple,frame,0.25,1,16000,68,0,812327.9,50.7705
20260801T200454Z-minibits-b7641c0e-7e59438,minibits-b7641c0e,L1.B1.w1-halide-par.w2-simple,frame,0.25,1,16000,68,1,716938.3,44.8086
20260801T200454Z-minibits-b7641c0e-7e59438,minibits-b7641c0e,L1.B1.w1-halide-par.w2-simple,frame,0.25,1,16000,68,2,644155.8,40.2597
20260801T200454Z-minibits-b7641c0e-7e59438,minibits-b7641c0e,L1.B1.w1-halide-par.w2-simple,frame,0.25,1,65000,68,0,3799070.4,58.4472
20260801T200454Z-minibits-b7641c0e-7e59438,minibits-b7641c0e,L1.B1.w1-halide-par.w2-simple,frame,0.25,1,65000,68,1,4340410.2,66.7755
20260801T200454Z-minibits-b7641c0e-7e59438,minibits-b7641c0e,L1.B1.w1-halide-par.w2-simple,frame,0.25,1,65000,68,2,4052431.3,62.3451
20260801T200454Z-minibits-b7641c0e-7e59438,minibits-b7641c0e,L1.B1.w1-halide-par.w2-simple,frame,0.25,1,262000,68,0,10974971.7,41.8892
20260801T200454Z-minibits-b7641c0e-7e59438,minibits-b7641c0e,L1.B1.w1-halide-par.w2-simple,frame,0.25,1,262000,68,1,12384481.0,47.2690
20260801T200454Z-minibits-b7641c0e-7e59438,minibits-b7641c0e,L1.B1.w1-halide-par.w2-simple,frame,0.25,1,262000,68,2,10596689.2,40.4454
20260801T200454Z-minibits-b7641c0e-7e59438,minibits-b7641c0e,L1.B1.w1-halide-par.w2-simple,frame,0.25,1,1000000,68,0,44977509.4,44.9775
20260801T200454Z-minibits-b7641c0e-7e59438,minibits-b7641c0e,L1.B1.w1-halide-par.w2-simple,frame,0.25,1,1000000,68,1,41136038.3,41.1360
20260801T200454Z-minibits-b7641c0e-7e59438,minibits-b7641c0e,L1.B1.w1-halide-par.w2-simple,frame,0.25,1,1000000,68,2,49552476.5,49.5525
20260801T200454Z-minibits-b7641c0e-7e59438,minibits-b7641c0e,L1.B1.w1-halide-par.w2-simple,frame,0.25,1,4000000,68,0,158227611.0,39.5569
20260801T200454Z-minibits-b7641c0e-7e59438,minibits-b7641c0e,L1.B1.w1-halide-par.w2-simple,frame,0.25,1,4000000,68,1,145831288.8,36.4578
20260801T200454Z-minibits-b7641c0e-7e59438,minibits-b7641c0e,L1.B1.w1-halide-par.w2-simple,frame,0.25,1,4000000,68,2,155659772.7,38.9149
20260801T200454Z-minibits-b7641c0e-7e59438,minibits-b7641c0e,L1.B2.w1-autovec.w2-simple,frame,0.01,1,4000,68,0,35707.3,8.9268
20260801T200454Z-minibits-b7641c0e-7e59438,minibits-b7641c0e,L1.B2.w1-autovec.w2-simple,frame,0.01,1,4000,68,1,35400.6,8.8502
20260801T200454Z-minibits-b7641c0e-7e59438,minibits-b7641c0e,L1.B2.w1-autovec.w2-simple,frame,0.01,1,4000,68,2,35727.3,8.9318
20260801T200454Z-minibits-b7641c0e-7e59438,minibits-b7641c0e,L1.B2.w1-autovec.w2-simple,frame,0.01,1,16000,68,0,137286.3,8.5804
20260801T200454Z-minibits-b7641c0e-7e59438,minibits-b7641c0e,L1.B2.w1-autovec.w2-simple,frame,0.01,1,16000,68,1,137373.5,8.5858
20260801T200454Z-minibits-b7641c0e-7e59438,minibits-b7641c0e,L1.B2.w1-autovec.w2-simple,frame,0.01,1,16000,68,2,136786.7,8.5492
20260801T200454Z-minibits-b7641c0e-7e59438,minibits-b7641c0e,L1.B2.w1-autovec.w2-simple,frame,0.01,1,65000,68,0,547641.9,8.4253
20260801T200454Z-minibits-b7641c0e-7e59438,minibits-b7641c0e,L1.B2.w1-autovec.w2-simple,frame,0.01,1,65000,68,1,539149.8,8.2946
20260801T200454Z-minibits-b7641c0e-7e59438,minibits-b7641c0e,L1.B2.w1-autovec.w2-simple,frame,0.01,1,65000,68,2,532786.3,8.1967
20260801T200454Z-minibits-b7641c0e-7e59438,minibits-b7641c0e,L1.B2.w1-autovec.w2-simple,frame,0.01,1,262000,68,0,2210056.0,8.4353
20260801T200454Z-minibits-b7641c0e-7e59438,minibits-b7641c0e,L1.B2.w1-autovec.w2-simple,frame,0.01,1,262000,68,1,2134321.9,8.1463
20260801T200454Z-minibits-b7641c0e-7e59438,minibits-b7641c0e,L1.B2.w1-autovec.w2-simple,frame,0.01,1,262000,68,2,2135905.8,8.1523
20260801T200454Z-minibits-b7641c0e-7e59438,minibits-b7641c0e,L1.B2.w1-autovec.w2-simple,frame,0.01,1,1000000,68,0,8722662.7,8.7227
20260801T200454Z-minibits-b7641c0e-7e59438,minibits-b7641c0e,L1.B2.w1-autovec.w2-simple,frame,0.01,1,1000000,68,1,8802009.0,8.8020
20260801T200454Z-minibits-b7641c0e-7e59438,minibits-b7641c0e,L1.B2.w1-autovec.w2-simple,frame,0.01,1,1000000,68,2,8660892.1,8.6609
20260801T200454Z-minibits-b7641c0e-7e59438,minibits-b7641c0e,L1.B2.w1-autovec.w2-simple,frame,0.01,1,4000000,68,0,35208455.2,8.8021
20260801T200454Z-minibits-b7641c0e-7e59438,minibits-b7641c0e,L1.B2.w1-autovec.w2-simple,frame,0.01,1,4000000,68,1,35030240.8,8.7576
20260801T200454Z-minibits-b7641c0e-7e59438,minibits-b7641c0e,L1.B2.w1-autovec.w2-simple,frame,0.01,1,4000000,68,2,35683681.9,8.9209
20260801T200454Z-minibits-b7641c0e-7e59438,minibits-b7641c0e,L1.B2.w1-autovec.w2-simple,frame,0.05,1,4000,68,0,90705.6,22.6764
20260801T200454Z-minibits-b7641c0e-7e59438,minibits-b7641c0e,L1.B2.w1-autovec.w2-simple,frame,0.05,1,4000,68,1,61689.4,15.4223
20260801T200454Z-minibits-b7641c0e-7e59438,minibits-b7641c0e,L1.B2.w1-autovec.w2-simple,frame,0.05,1,4000,68,2,50735.2,12.6838
20260801T200454Z-minibits-b7641c0e-7e59438,minibits-b7641c0e,L1.B2.w1-autovec.w2-simple,frame,0.05,1,16000,68,0,157178.5,9.8237
20260801T200454Z-minibits-b7641c0e-7e59438,minibits-b7641c0e,L1.B2.w1-autovec.w2-simple,frame,0.05,1,16000,68,1,139474.8,8.7172
20260801T200454Z-minibits-b7641c0e-7e59438,minibits-b7641c0e,L1.B2.w1-autovec.w2-simple,frame,0.05,1,16000,68,2,139337.3,8.7086
20260801T200454Z-minibits-b7641c0e-7e59438,minibits-b7641c0e,L1.B2.w1-autovec.w2-simple,frame,0.05,1,65000,68,0,560402.9,8.6216
20260801T200454Z-minibits-b7641c0e-7e59438,minibits-b7641c0e,L1.B2.w1-autovec.w2-simple,frame,0.05,1,65000,68,1,559862.3,8.6133
20260801T200454Z-minibits-b7641c0e-7e59438,minibits-b7641c0e,L1.B2.w1-autovec.w2-simple,frame,0.05,1,65000,68,2,558996.0,8.5999
20260801T200454Z-minibits-b7641c0e-7e59438,minibits-b7641c0e,L1.B2.w1-autovec.w2-simple,frame,0.05,1,262000,68,0,2281960.6,8.7098
20260801T200454Z-minibits-b7641c0e-7e59438,minibits-b7641c0e,L1.B2.w1-autovec.w2-simple,frame,0.05,1,262000,68,1,2303527.7,8.7921
20260801T200454Z-minibits-b7641c0e-7e59438,minibits-b7641c0e,L1.B2.w1-autovec.w2-simple,frame,0.05,1,262000,68,2,2255519.4,8.6089
20260801T200454Z-minibits-b7641c0e-7e59438,minibits-b7641c0e,L1.B2.w1-autovec.w2-simple,frame,0.05,1,1000000,68,0,9202660.4,9.2027
20260801T200454Z-minibits-b7641c0e-7e59438,minibits-b7641c0e,L1.B2.w1-autovec.w2-simple,frame,0.05,1,1000000,68,1,9110164.2,9.1102
20260801T200454Z-minibits-b7641c0e-7e59438,minibits-b7641c0e,L1.B2.w1-autovec.w2-simple,frame,0.05,1,1000000,68,2,9217087.9,9.2171
20260801T200454Z-minibits-b7641c0e-7e59438,minibits-b7641c0e,L1.B2.w1-autovec.w2-simple,frame,0.05,1,4000000,68,0,37284434.2,9.3211
20260801T200454Z-minibits-b7641c0e-7e59438,minibits-b7641c0e,L1.B2.w1-autovec.w2-simple,frame,0.05,1,4000000,68,1,37475044.2,9.3688
20260801T200454Z-minibits-b7641c0e-7e59438,minibits-b7641c0e,L1.B2.w1-autovec.w2-simple,frame,0.05,1,4000000,68,2,37205296.5,9.3013
20260801T200454Z-minibits-b7641c0e-7e59438,minibits-b7641c0e,L1.B2.w1-autovec.w2-simple,frame,0.25,1,4000,68,0,80109.4,20.0273
20260801T200454Z-minibits-b7641c0e-7e59438,minibits-b7641c0e,L1.B2.w1-autovec.w2-simple,frame,0.25,1,4000,68,1,62629.2,15.6573
20260801T200454Z-minibits-b7641c0e-7e59438,minibits-b7641c0e,L1.B2.w1-autovec.w2-simple,frame,0.25,1,4000,68,2,54744.6,13.6861
20260801T200454Z-minibits-b7641c0e-7e59438,minibits-b7641c0e,L1.B2.w1-autovec.w2-simple,frame,0.25,1,16000,68,0,185762.5,11.6102
20260801T200454Z-minibits-b7641c0e-7e59438,minibits-b7641c0e,L1.B2.w1-autovec.w2-simple,frame,0.25,1,16000,68,1,179813.1,11.2383
20260801T200454Z-minibits-b7641c0e-7e59438,minibits-b7641c0e,L1.B2.w1-autovec.w2-simple,frame,0.25,1,16000,68,2,178421.3,11.1513
20260801T200454Z-minibits-b7641c0e-7e59438,minibits-b7641c0e,L1.B2.w1-autovec.w2-simple,frame,0.25,1,65000,68,0,731368.5,11.2518
20260801T200454Z-minibits-b7641c0e-7e59438,minibits-b7641c0e,L1.B2.w1-autovec.w2-simple,frame,0.25,1,65000,68,1,727396.3,11.1907
20260801T200454Z-minibits-b7641c0e-7e59438,minibits-b7641c0e,L1.B2.w1-autovec.w2-simple,frame,0.25,1,65000,68,2,732031.5,11.2620
20260801T200454Z-minibits-b7641c0e-7e59438,minibits-b7641c0e,L1.B2.w1-autovec.w2-simple,frame,0.25,1,262000,68,0,2953955.0,11.2746
20260801T200454Z-minibits-b7641c0e-7e59438,minibits-b7641c0e,L1.B2.w1-autovec.w2-simple,frame,0.25,1,262000,68,1,2968336.5,11.3295
20260801T200454Z-minibits-b7641c0e-7e59438,minibits-b7641c0e,L1.B2.w1-autovec.w2-simple,frame,0.25,1,262000,68,2,2963506.7,11.3111
20260801T200454Z-minibits-b7641c0e-7e59438,minibits-b7641c0e,L1.B2.w1-autovec.w2-simple,frame,0.25,1,1000000,68,0,11715572.9,11.7156
20260801T200454Z-minibits-b7641c0e-7e59438,minibits-b7641c0e,L1.B2.w1-autovec.w2-simple,frame,0.25,1,1000000,68,1,11737220.0,11.7372
20260801T200454Z-minibits-b7641c0e-7e59438,minibits-b7641c0e,L1.B2.w1-autovec.w2-simple,frame,0.25,1,1000000,68,2,11741978.8,11.7420
20260801T200454Z-minibits-b7641c0e-7e59438,minibits-b7641c0e,L1.B2.w1-autovec.w2-simple,frame,0.25,1,4000000,68,0,47751246.9,11.9378
20260801T200454Z-minibits-b7641c0e-7e59438,minibits-b7641c0e,L1.B2.w1-autovec.w2-simple,frame,0.25,1,4000000,68,1,47572344.6,11.8931
20260801T200454Z-minibits-b7641c0e-7e59438,minibits-b7641c0e,L1.B2.w1-autovec.w2-simple,frame,0.25,1,4000000,68,2,47750618.1,11.9377
20260801T200454Z-minibits-b7641c0e-7e59438,minibits-b7641c0e,L1.B2.w1-autovec-par.w2-simple,frame,0.01,1,4000,68,0,36446.7,9.1117
20260801T200454Z-minibits-b7641c0e-7e59438,minibits-b7641c0e,L1.B2.w1-autovec-par.w2-simple,frame,0.01,1,4000,68,1,35256.9,8.8142
20260801T200454Z-minibits-b7641c0e-7e59438,minibits-b7641c0e,L1.B2.w1-autovec-par.w2-simple,frame,0.01,1,4000,68,2,35483.1,8.8708
20260801T200454Z-minibits-b7641c0e-7e59438,minibits-b7641c0e,L1.B2.w1-autovec-par.w2-simple,frame,0.01,1,16000,68,0,136745.4,8.5466
20260801T200454Z-minibits-b7641c0e-7e59438,minibits-b7641c0e,L1.B2.w1-autovec-par.w2-simple,frame,0.01,1,16000,68,1,135886.3,8.4929
20260801T200454Z-minibits-b7641c0e-7e59438,minibits-b7641c0e,L1.B2.w1-autovec-par.w2-simple,frame,0.01,1,16000,68,2,135095.4,8.4435
20260801T200454Z-minibits-b7641c0e-7e59438,minibits-b7641c0e,L1.B2.w1-autovec-par.w2-simple,frame,0.01,1,65000,68,0,541689.0,8.3337
20260801T200454Z-minibits-b7641c0e-7e59438,minibits-b7641c0e,L1.B2.w1-autovec-par.w2-simple,frame,0.01,1,65000,68,1,535546.5,8.2392
20260801T200454Z-minibits-b7641c0e-7e59438,minibits-b7641c0e,L1.B2.w1-autovec-par.w2-simple,frame,0.01,1,65000,68,2,533514.0,8.2079
20260801T200454Z-minibits-b7641c0e-7e59438,minibits-b7641c0e,L1.B2.w1-autovec-par.w2-simple,frame,0.01,1,262000,68,0,2138912.7,8.1638
20260801T200454Z-minibits-b7641c0e-7e59438,minibits-b7641c0e,L1.B2.w1-autovec-par.w2-simple,frame,0.01,1,262000,68,1,2169909.6,8.2821
20260801T200454Z-minibits-b7641c0e-7e59438,minibits-b7641c0e,L1.B2.w1-autovec-par.w2-simple,frame,0.01,1,262000,68,2,2163249.0,8.2567
20260801T200454Z-minibits-b7641c0e-7e59438,minibits-b7641c0e,L1.B2.w1-autovec-par.w2-simple,frame,0.01,1,1000000,68,0,8556985.2,8.5570
20260801T200454Z-minibits-b7641c0e-7e59438,minibits-b7641c0e,L1.B2.w1-autovec-par.w2-simple,frame,0.01,1,1000000,68,1,8594197.3,8.5942
20260801T200454Z-minibits-b7641c0e-7e59438,minibits-b7641c0e,L1.B2.w1-autovec-par.w2-simple,frame,0.01,1,1000000,68,2,8686138.1,8.6861
20260801T200454Z-minibits-b7641c0e-7e59438,minibits-b7641c0e,L1.B2.w1-autovec-par.w2-simple,frame,0.01,1,4000000,68,0,35065032.1,8.7663
20260801T200454Z-minibits-b7641c0e-7e59438,minibits-b7641c0e,L1.B2.w1-autovec-par.w2-simple,frame,0.01,1,4000000,68,1,34983424.4,8.7459
20260801T200454Z-minibits-b7641c0e-7e59438,minibits-b7641c0e,L1.B2.w1-autovec-par.w2-simple,frame,0.01,1,4000000,68,2,34952016.9,8.7380
20260801T200454Z-minibits-b7641c0e-7e59438,minibits-b7641c0e,L1.B2.w1-autovec-par.w2-simple,frame,0.05,1,4000,68,0,63483.8,15.8709
20260801T200454Z-minibits-b7641c0e-7e59438,minibits-b7641c0e,L1.B2.w1-autovec-par.w2-simple,frame,0.05,1,4000,68,1,52194.4,13.0486
20260801T200454Z-minibits-b7641c0e-7e59438,minibits-b7641c0e,L1.B2.w1-autovec-par.w2-simple,frame,0.05,1,4000,68,2,46353.8,11.5884
20260801T200454Z-minibits-b7641c0e-7e59438,minibits-b7641c0e,L1.B2.w1-autovec-par.w2-simple,frame,0.05,1,16000,68,0,152516.9,9.5323
20260801T200454Z-minibits-b7641c0e-7e59438,minibits-b7641c0e,L1.B2.w1-autovec-par.w2-simple,frame,0.05,1,16000,68,1,140902.5,8.8064
20260801T200454Z-minibits-b7641c0e-7e59438,minibits-b7641c0e,L1.B2.w1-autovec-par.w2-simple,frame,0.05,1,16000,68,2,141391.5,8.8370
20260801T200454Z-minibits-b7641c0e-7e59438,minibits-b7641c0e,L1.B2.w1-autovec-par.w2-simple,frame,0.05,1,65000,68,0,568155.8,8.7409
20260801T200454Z-minibits-b7641c0e-7e59438,minibits-b7641c0e,L1.B2.w1-autovec-par.w2-simple,frame,0.05,1,65000,68,1,574806.0,8.8432
20260801T200454Z-minibits-b7641c0e-7e59438,minibits-b7641c0e,L1.B2.w1-autovec-par.w2-simple,frame,0.05,1,65000,68,2,578680.8,8.9028
20260801T200454Z-minibits-b7641c0e-7e59438,minibits-b7641c0e,L1.B2.w1-autovec-par.w2-simple,frame,0.05,1,262000,68,0,2296004.4,8.7634
20260801T200454Z-minibits-b7641c0e-7e59438,minibits-b7641c0e,L1.B2.w1-autovec-par.w2-simple,frame,0.05,1,262000,68,1,2316815.4,8.8428
20260801T200454Z-minibits-b7641c0e-7e59438,minibits-b7641c0e,L1.B2.w1-autovec-par.w2-simple,frame,0.05,1,262000,68,2,2289003.8,8.7367
20260801T200454Z-minibits-b7641c0e-7e59438,minibits-b7641c0e,L1.B2.w1-autovec-par.w2-simple,frame,0.05,1,1000000,68,0,9143340.6,9.1433
20260801T200454Z-minibits-b7641c0e-7e59438,minibits-b7641c0e,L1.B2.w1-autovec-par.w2-simple,frame,0.05,1,1000000,68,1,9181968.1,9.1820
20260801T200454Z-minibits-b7641c0e-7e59438,minibits-b7641c0e,L1.B2.w1-autovec-par.w2-simple,frame,0.05,1,1000000,68,2,9104861.9,9.1049
20260801T200454Z-minibits-b7641c0e-7e59438,minibits-b7641c0e,L1.B2.w1-autovec-par.w2-simple,frame,0.05,1,4000000,68,0,37114194.2,9.2785
20260801T200454Z-minibits-b7641c0e-7e59438,minibits-b7641c0e,L1.B2.w1-autovec-par.w2-simple,frame,0.05,1,4000000,68,1,37221391.9,9.3053
20260801T200454Z-minibits-b7641c0e-7e59438,minibits-b7641c0e,L1.B2.w1-autovec-par.w2-simple,frame,0.05,1,4000000,68,2,37273632.5,9.3184
20260801T200454Z-minibits-b7641c0e-7e59438,minibits-b7641c0e,L1.B2.w1-autovec-par.w2-simple,frame,0.25,1,4000,68,0,82588.8,20.6472
20260801T200454Z-minibits-b7641c0e-7e59438,minibits-b7641c0e,L1.B2.w1-autovec-par.w2-simple,frame,0.25,1,4000,68,1,64511.5,16.1279
20260801T200454Z-minibits-b7641c0e-7e59438,minibits-b7641c0e,L1.B2.w1-autovec-par.w2-simple,frame,0.25,1,4000,68,2,56231.9,14.0580
20260801T200454Z-minibits-b7641c0e-7e59438,minibits-b7641c0e,L1.B2.w1-autovec-par.w2-simple,frame,0.25,1,16000,68,0,187116.3,11.6948
20260801T200454Z-minibits-b7641c0e-7e59438,minibits-b7641c0e,L1.B2.w1-autovec-par.w2-simple,frame,0.25,1,16000,68,1,179764.4,11.2353
20260801T200454Z-minibits-b7641c0e-7e59438,minibits-b7641c0e,L1.B2.w1-autovec-par.w2-simple,frame,0.25,1,16000,68,2,179439.0,11.2149
20260801T200454Z-minibits-b7641c0e-7e59438,minibits-b7641c0e,L1.B2.w1-autovec-par.w2-simple,frame,0.25,1,65000,68,0,733818.5,11.2895
20260801T200454Z-minibits-b7641c0e-7e59438,minibits-b7641c0e,L1.B2.w1-autovec-par.w2-simple,frame,0.25,1,65000,68,1,733144.2,11.2791
20260801T200454Z-minibits-b7641c0e-7e59438,minibits-b7641c0e,L1.B2.w1-autovec-par.w2-simple,frame,0.25,1,65000,68,2,733226.7,11.2804
20260801T200454Z-minibits-b7641c0e-7e59438,minibits-b7641c0e,L1.B2.w1-autovec-par.w2-simple,frame,0.25,1,262000,68,0,2983159.0,11.3861
20260801T200454Z-minibits-b7641c0e-7e59438,minibits-b7641c0e,L1.B2.w1-autovec-par.w2-simple,frame,0.25,1,262000,68,1,2975435.2,11.3566
20260801T200454Z-minibits-b7641c0e-7e59438,minibits-b7641c0e,L1.B2.w1-autovec-par.w2-simple,frame,0.25,1,262000,68,2,2994312.3,11.4287
20260801T200454Z-minibits-b7641c0e-7e59438,minibits-b7641c0e,L1.B2.w1-autovec-par.w2-simple,frame,0.25,1,1000000,68,0,11809631.7,11.8096
20260801T200454Z-minibits-b7641c0e-7e59438,minibits-b7641c0e,L1.B2.w1-autovec-par.w2-simple,frame,0.25,1,1000000,68,1,11841221.0,11.8412
20260801T200454Z-minibits-b7641c0e-7e59438,minibits-b7641c0e,L1.B2.w1-autovec-par.w2-simple,frame,0.25,1,1000000,68,2,11782532.5,11.7825
20260801T200454Z-minibits-b7641c0e-7e59438,minibits-b7641c0e,L1.B2.w1-autovec-par.w2-simple,frame,0.25,1,4000000,68,0,47901296.5,11.9753
20260801T200454Z-minibits-b7641c0e-7e59438,minibits-b7641c0e,L1.B2.w1-autovec-par.w2-simple,frame,0.25,1,4000000,68,1,47582936.9,11.8957
20260801T200454Z-minibits-b7641c0e-7e59438,minibits-b7641c0e,L1.B2.w1-autovec-par.w2-simple,frame,0.25,1,4000000,68,2,47570170.0,11.8925
20260801T200454Z-minibits-b7641c0e-7e59438,minibits-b7641c0e,L1.B2.w1-halide.w2-simple,frame,0.01,1,4000,68,0,71472.9,17.8682
20260801T200454Z-minibits-b7641c0e-7e59438,minibits-b7641c0e,L1.B2.w1-halide.w2-simple,frame,0.01,1,4000,68,1,55149.8,13.7874
20260801T200454Z-minibits-b7641c0e-7e59438,minibits-b7641c0e,L1.B2.w1-halide.w2-simple,frame,0.01,1,4000,68,2,48876.5,12.2191
20260801T200454Z-minibits-b7641c0e-7e59438,minibits-b7641c0e,L1.B2.w1-halide.w2-simple,frame,0.01,1,16000,68,0,152024.2,9.5015
20260801T200454Z-minibits-b7641c0e-7e59438,minibits-b7641c0e,L1.B2.w1-halide.w2-simple,frame,0.01,1,16000,68,1,136605.4,8.5378
20260801T200454Z-minibits-b7641c0e-7e59438,minibits-b7641c0e,L1.B2.w1-halide.w2-simple,frame,0.01,1,16000,68,2,137174.8,8.5734
20260801T200454Z-minibits-b7641c0e-7e59438,minibits-b7641c0e,L1.B2.w1-halide.w2-simple,frame,0.01,1,65000,68,0,542272.3,8.3427
20260801T200454Z-minibits-b7641c0e-7e59438,minibits-b7641c0e,L1.B2.w1-halide.w2-simple,frame,0.01,1,65000,68,1,547191.7,8.4183
20260801T200454Z-minibits-b7641c0e-7e59438,minibits-b7641c0e,L1.B2.w1-halide.w2-simple,frame,0.01,1,65000,68,2,554505.2,8.5308
20260801T200454Z-minibits-b7641c0e-7e59438,minibits-b7641c0e,L1.B2.w1-halide.w2-simple,frame,0.01,1,262000,68,0,2222083.8,8.4812
20260801T200454Z-minibits-b7641c0e-7e59438,minibits-b7641c0e,L1.B2.w1-halide.w2-simple,frame,0.01,1,262000,68,1,2193635.2,8.3727
20260801T200454Z-minibits-b7641c0e-7e59438,minibits-b7641c0e,L1.B2.w1-halide.w2-simple,frame,0.01,1,262000,68,2,2211978.1,8.4427
20260801T200454Z-minibits-b7641c0e-7e59438,minibits-b7641c0e,L1.B2.w1-halide.w2-simple,frame,0.01,1,1000000,68,0,8625243.5,8.6252
20260801T200454Z-minibits-b7641c0e-7e59438,minibits-b7641c0e,L1.B2.w1-halide.w2-simple,frame,0.01,1,1000000,68,1,8662193.5,8.6622
20260801T200454Z-minibits-b7641c0e-7e59438,minibits-b7641c0e,L1.B2.w1-halide.w2-simple,frame,0.01,1,1000000,68,2,8680800.6,8.6808
20260801T200454Z-minibits-b7641c0e-7e59438,minibits-b7641c0e,L1.B2.w1-halide.w2-simple,frame,0.01,1,4000000,68,0,35120845.6,8.7802
20260801T200454Z-minibits-b7641c0e-7e59438,minibits-b7641c0e,L1.B2.w1-halide.w2-simple,frame,0.01,1,4000000,68,1,35614944.2,8.9037
20260801T200454Z-minibits-b7641c0e-7e59438,minibits-b7641c0e,L1.B2.w1-halide.w2-simple,frame,0.01,1,4000000,68,2,35678146.0,8.9195
20260801T200454Z-minibits-b7641c0e-7e59438,minibits-b7641c0e,L1.B2.w1-halide.w2-simple,frame,0.05,1,4000,68,0,38122.7,9.5307
20260801T200454Z-minibits-b7641c0e-7e59438,minibits-b7641c0e,L1.B2.w1-halide.w2-simple,frame,0.05,1,4000,68,1,38048.5,9.5121
20260801T200454Z-minibits-b7641c0e-7e59438,minibits-b7641c0e,L1.B2.w1-halide.w2-simple,frame,0.05,1,4000,68,2,38524.6,9.6311
20260801T200454Z-minibits-b7641c0e-7e59438,minibits-b7641c0e,L1.B2.w1-halide.w2-simple,frame,0.05,1,16000,68,0,148559.6,9.2850
20260801T200454Z-minibits-b7641c0e-7e59438,minibits-b7641c0e,L1.B2.w1-halide.w2-simple,frame,0.05,1,16000,68,1,146622.1,9.1639
20260801T200454Z-minibits-b7641c0e-7e59438,minibits-b7641c0e,L1.B2.w1-halide.w2-simple,frame,0.05,1,16000,68,2,147668.1,9.2293
20260801T200454Z-minibits-b7641c0e-7e59438,minibits-b7641c0e,L1.B2.w1-halide.w2-simple,frame,0.05,1,65000,68,0,596710.0,9.1802
20260801T200454Z-minibits-b7641c0e-7e59438,minibits-b7641c0e,L1.B2.w1-halide.w2-simple,frame,0.05,1,65000,68,1,595572.5,9.1627
20260801T200454Z-minibits-b7641c0e-7e59438,minibits-b7641c0e,L1.B2.w1-halide.w2-simple,frame,0.05,1,65000,68,2,593647.3,9.1330
20260801T200454Z-minibits-b7641c0e-7e59438,minibits-b7641c0e,L1.B2.w1-halide.w2-simple,frame,0.05,1,262000,68,0,2364777.7,9.0259
20260801T200454Z-minibits-b7641c0e-7e59438,minibits-b7641c0e,L1.B2.w1-halide.w2-simple,frame,0.05,1,262000,68,1,2367780.2,9.0373
20260801T200454Z-minibits-b7641c0e-7e59438,minibits-b7641c0e,L1.B2.w1-halide.w2-simple,frame,0.05,1,262000,68,2,2390340.2,9.1234
20260801T200454Z-minibits-b7641c0e-7e59438,minibits-b7641c0e,L1.B2.w1-halide.w2-simple,frame,0.05,1,1000000,68,0,9341226.3,9.3412
20260801T200454Z-minibits-b7641c0e-7e59438,minibits-b7641c0e,L1.B2.w1-halide.w2-simple,frame,0.05,1,1000000,68,1,9310877.3,9.3109
20260801T200454Z-minibits-b7641c0e-7e59438,minibits-b7641c0e,L1.B2.w1-halide.w2-simple,frame,0.05,1,1000000,68,2,9358824.0,9.3588
20260801T200454Z-minibits-b7641c0e-7e59438,minibits-b7641c0e,L1.B2.w1-halide.w2-simple,frame,0.05,1,4000000,68,0,37462560.8,9.3656
20260801T200454Z-minibits-b7641c0e-7e59438,minibits-b7641c0e,L1.B2.w1-halide.w2-simple,frame,0.05,1,4000000,68,1,37420102.3,9.3550
20260801T200454Z-minibits-b7641c0e-7e59438,minibits-b7641c0e,L1.B2.w1-halide.w2-simple,frame,0.05,1,4000000,68,2,37453771.9,9.3634
20260801T200454Z-minibits-b7641c0e-7e59438,minibits-b7641c0e,L1.B2.w1-halide.w2-simple,frame,0.25,1,4000,68,0,106321.3,26.5803
20260801T200454Z-minibits-b7641c0e-7e59438,minibits-b7641c0e,L1.B2.w1-halide.w2-simple,frame,0.25,1,4000,68,1,70652.1,17.6630
20260801T200454Z-minibits-b7641c0e-7e59438,minibits-b7641c0e,L1.B2.w1-halide.w2-simple,frame,0.25,1,4000,68,2,58691.3,14.6728
20260801T200454Z-minibits-b7641c0e-7e59438,minibits-b7641c0e,L1.B2.w1-halide.w2-simple,frame,0.25,1,16000,68,0,189941.5,11.8713
20260801T200454Z-minibits-b7641c0e-7e59438,minibits-b7641c0e,L1.B2.w1-halide.w2-simple,frame,0.25,1,16000,68,1,181396.3,11.3373
20260801T200454Z-minibits-b7641c0e-7e59438,minibits-b7641c0e,L1.B2.w1-halide.w2-simple,frame,0.25,1,16000,68,2,183332.1,11.4583
20260801T200454Z-minibits-b7641c0e-7e59438,minibits-b7641c0e,L1.B2.w1-halide.w2-simple,frame,0.25,1,65000,68,0,736025.0,11.3235
20260801T200454Z-minibits-b7641c0e-7e59438,minibits-b7641c0e,L1.B2.w1-halide.w2-simple,frame,0.25,1,65000,68,1,734170.8,11.2949
20260801T200454Z-minibits-b7641c0e-7e59438,minibits-b7641c0e,L1.B2.w1-halide.w2-simple,frame,0.25,1,65000,68,2,733363.1,11.2825
20260801T200454Z-minibits-b7641c0e-7e59438,minibits-b7641c0e,L1.B2.w1-halide.w2-simple,frame,0.25,1,262000,68,0,2985639.8,11.3956
20260801T200454Z-minibits-b7641c0e-7e59438,minibits-b7641c0e,L1.B2.w1-halide.w2-simple,frame,0.25,1,262000,68,1,2968864.6,11.3315
20260801T200454Z-minibits-b7641c0e-7e59438,minibits-b7641c0e,L1.B2.w1-halide.w2-simple,frame,0.25,1,262000,68,2,2968998.8,11.3321
20260801T200454Z-minibits-b7641c0e-7e59438,minibits-b7641c0e,L1.B2.w1-halide.w2-simple,frame,0.25,1,1000000,68,0,11730927.3,11.7309
20260801T200454Z-minibits-b7641c0e-7e59438,minibits-b7641c0e,L1.B2.w1-halide.w2-simple,frame,0.25,1,1000000,68,1,11469612.7,11.4696
20260801T200454Z-minibits-b7641c0e-7e59438,minibits-b7641c0e,L1.B2.w1-halide.w2-simple,frame,0.25,1,1000000,68,2,11654473.1,11.6545
20260801T200454Z-minibits-b7641c0e-7e59438,minibits-b7641c0e,L1.B2.w1-halide.w2-simple,frame,0.25,1,4000000,68,0,46998747.1,11.7497
20260801T200454Z-minibits-b7641c0e-7e59438,minibits-b7641c0e,L1.B2.w1-halide.w2-simple,frame,0.25,1,4000000,68,1,47040504.8,11.7601
20260801T200454Z-minibits-b7641c0e-7e59438,minibits-b7641c0e,L1.B2.w1-halide.w2-simple,frame,0.25,1,4000000,68,2,47246764.0,11.8117
20260801T200454Z-minibits-b7641c0e-7e59438,minibits-b7641c0e,L1.B2.w1-halide-par.w2-simple,frame,0.01,1,4000,68,0,250472.1,62.6180
20260801T200454Z-minibits-b7641c0e-7e59438,minibits-b7641c0e,L1.B2.w1-halide-par.w2-simple,frame,0.01,1,4000,68,1,186240.0,46.5600
20260801T200454Z-minibits-b7641c0e-7e59438,minibits-b7641c0e,L1.B2.w1-halide-par.w2-simple,frame,0.01,1,4000,68,2,160253.1,40.0633
20260801T200454Z-minibits-b7641c0e-7e59438,minibits-b7641c0e,L1.B2.w1-halide-par.w2-simple,frame,0.01,1,16000,68,0,524962.5,32.8102
20260801T200454Z-minibits-b7641c0e-7e59438,minibits-b7641c0e,L1.B2.w1-halide-par.w2-simple,frame,0.01,1,16000,68,1,516613.8,32.2884
20260801T200454Z-minibits-b7641c0e-7e59438,minibits-b7641c0e,L1.B2.w1-halide-par.w2-simple,frame,0.01,1,16000,68,2,522944.2,32.6840
20260801T200454Z-minibits-b7641c0e-7e59438,minibits-b7641c0e,L1.B2.w1-halide-par.w2-simple,frame,0.01,1,65000,68,0,2024579.6,31.1474
20260801T200454Z-minibits-b7641c0e-7e59438,minibits-b7641c0e,L1.B2.w1-halide-par.w2-simple,frame,0.01,1,65000,68,1,1999760.2,30.7655
20260801T200454Z-minibits-b7641c0e-7e59438,minibits-b7641c0e,L1.B2.w1-halide-par.w2-simple,frame,0.01,1,65000,68,2,1879215.0,28.9110
20260801T200454Z-minibits-b7641c0e-7e59438,minibits-b7641c0e,L1.B2.w1-halide-par.w2-simple,frame,0.01,1,262000,68,0,8017958.5,30.6029
20260801T200454Z-minibits-b7641c0e-7e59438,minibits-b7641c0e,L1.B2.w1-halide-par.w2-simple,frame,0.01,1,262000,68,1,8397950.0,32.0532
20260801T200454Z-minibits-b7641c0e-7e59438,minibits-b7641c0e,L1.B2.w1-halide-par.w2-simple,frame,0.01,1,262000,68,2,8358969.0,31.9045
20260801T200454Z-minibits-b7641c0e-7e59438,minibits-b7641c0e,L1.B2.w1-halide-par.w2-simple,frame,0.01,1,1000000,68,0,31587581.5,31.5876
20260801T200454Z-minibits-b7641c0e-7e59438,minibits-b7641c0e,L1.B2.w1-halide-par.w2-simple,frame,0.01,1,1000000,68,1,31942619.0,31.9426
20260801T200454Z-minibits-b7641c0e-7e59438,minibits-b7641c0e,L1.B2.w1-halide-par.w2-simple,frame,0.01,1,1000000,68,2,30473972.5,30.4740
20260801T200454Z-minibits-b7641c0e-7e59438,minibits-b7641c0e,L1.B2.w1-halide-par.w2-simple,frame,0.01,1,4000000,68,0,125711837.3,31.4280
20260801T200454Z-minibits-b7641c0e-7e59438,minibits-b7641c0e,L1.B2.w1-halide-par.w2-simple,frame,0.01,1,4000000,68,1,127463991.7,31.8660
20260801T200454Z-minibits-b7641c0e-7e59438,minibits-b7641c0e,L1.B2.w1-halide-par.w2-simple,frame,0.01,1,4000000,68,2,127725677.1,31.9314
20260801T200454Z-minibits-b7641c0e-7e59438,minibits-b7641c0e,L1.B2.w1-halide-par.w2-simple,frame,0.05,1,4000,68,0,211013.3,52.7533
20260801T200454Z-minibits-b7641c0e-7e59438,minibits-b7641c0e,L1.B2.w1-halide-par.w2-simple,frame,0.05,1,4000,68,1,173915.8,43.4790
20260801T200454Z-minibits-b7641c0e-7e59438,minibits-b7641c0e,L1.B2.w1-halide-par.w2-simple,frame,0.05,1,4000,68,2,162494.0,40.6235
20260801T200454Z-minibits-b7641c0e-7e59438,minibits-b7641c0e,L1.B2.w1-halide-par.w2-simple,frame,0.05,1,16000,68,0,527847.7,32.9905
20260801T200454Z-minibits-b7641c0e-7e59438,minibits-b7641c0e,L1.B2.w1-halide-par.w2-simple,frame,0.05,1,16000,68,1,504228.1,31.5143
20260801T200454Z-minibits-b7641c0e-7e59438,minibits-b7641c0e,L1.B2.w1-halide-par.w2-simple,frame,0.05,1,16000,68,2,534768.8,33.4230
20260801T200454Z-minibits-b7641c0e-7e59438,minibits-b7641c0e,L1.B2.w1-halide-par.w2-simple,frame,0.05,1,65000,68,0,2085677.7,32.0873
20260801T200454Z-minibits-b7641c0e-7e59438,minibits-b7641c0e,L1.B2.w1-halide-par.w2-simple,frame,0.05,1,65000,68,1,1951478.8,30.0228
20260801T200454Z-minibits-b7641c0e-7e59438,minibits-b7641c0e,L1.B2.w1-halide-par.w2-simple,frame,0.05,1,65000,68,2,2037143.3,31.3407
20260801T200454Z-minibits-b7641c0e-7e59438,minibits-b7641c0e,L1.B2.w1-halide-par.w2-simple,frame,0.05,1,262000,68,0,8514000.8,32.4962
20260801T200454Z-minibits-b7641c0e-7e59438,minibits-b7641c0e,L1.B2.w1-halide-par.w2-simple,frame,0.05,1,262000,68,1,8630647.7,32.9414
20260801T200454Z-minibits-b7641c0e-7e59438,minibits-b7641c0e,L1.B2.w1-halide-par.w2-simple,frame,0.05,1,262000,68,2,8711316.0,33.2493
20260801T200454Z-minibits-b7641c0e-7e59438,minibits-b7641c0e,L1.B2.w1-halide-par.w2-simple,frame,0.05,1,1000000,68,0,35289663.5,35.2897
20260801T200454Z-minibits-b7641c0e-7e59438,minibits-b7641c0e,L1.B2.w1-halide-par.w2-simple,frame,0.05,1,1000000,68,1,34686992.9,34.6870
20260801T200454Z-minibits-b7641c0e-7e59438,minibits-b7641c0e,L1.B2.w1-halide-par.w2-simple,frame,0.05,1,1000000,68,2,35055638.8,35.0556
20260801T200454Z-minibits-b7641c0e-7e59438,minibits-b7641c0e,L1.B2.w1-halide-par.w2-simple,frame,0.05,1,4000000,68,0,127804391.7,31.9511
20260801T200454Z-minibits-b7641c0e-7e59438,minibits-b7641c0e,L1.B2.w1-halide-par.w2-simple,frame,0.05,1,4000000,68,1,127364401.7,31.8411
20260801T200454Z-minibits-b7641c0e-7e59438,minibits-b7641c0e,L1.B2.w1-halide-par.w2-simple,frame,0.05,1,4000000,68,2,116013135.6,29.0033
20260801T200454Z-minibits-b7641c0e-7e59438,minibits-b7641c0e,L1.B2.w1-halide-par.w2-simple,frame,0.25,1,4000,68,0,205658.3,51.4146
20260801T200454Z-minibits-b7641c0e-7e59438,minibits-b7641c0e,L1.B2.w1-halide-par.w2-simple,frame,0.25,1,4000,68,1,194889.4,48.7223
20260801T200454Z-minibits-b7641c0e-7e59438,minibits-b7641c0e,L1.B2.w1-halide-par.w2-simple,frame,0.25,1,4000,68,2,150245.2,37.5613
20260801T200454Z-minibits-b7641c0e-7e59438,minibits-b7641c0e,L1.B2.w1-halide-par.w2-simple,frame,0.25,1,16000,68,0,544695.0,34.0434
20260801T200454Z-minibits-b7641c0e-7e59438,minibits-b7641c0e,L1.B2.w1-halide-par.w2-simple,frame,0.25,1,16000,68,1,523496.0,32.7185
20260801T200454Z-minibits-b7641c0e-7e59438,minibits-b7641c0e,L1.B2.w1-halide-par.w2-simple,frame,0.25,1,16000,68,2,532413.3,33.2758
20260801T200454Z-minibits-b7641c0e-7e59438,minibits-b7641c0e,L1.B2.w1-halide-par.w2-simple,frame,0.25,1,65000,68,0,2171502.9,33.4077
20260801T200454Z-minibits-b7641c0e-7e59438,minibits-b7641c0e,L1.B2.w1-halide-par.w2-simple,frame,0.25,1,65000,68,1,2121125.0,32.6327
20260801T200454Z-minibits-b7641c0e-7e59438,minibits-b7641c0e,L1.B2.w1-halide-par.w2-simple,frame,0.25,1,65000,68,2,2168096.9,33.3553
20260801T200454Z-minibits-b7641c0e-7e59438,minibits-b7641c0e,L1.B2.w1-halide-par.w2-simple,frame,0.25,1,262000,68,0,9100286.0,34.7339
20260801T200454Z-minibits-b7641c0e-7e59438,minibits-b7641c0e,L1.B2.w1-halide-par.w2-simple,frame,0.25,1,262000,68,1,9277095.8,35.4088
20260801T200454Z-minibits-b7641c0e-7e59438,minibits-b7641c0e,L1.B2.w1-halide-par.w2-simple,frame,0.25,1,262000,68,2,9516845.8,36.3238
20260801T200454Z-minibits-b7641c0e-7e59438,minibits-b7641c0e,L1.B2.w1-halide-par.w2-simple,frame,0.25,1,1000000,68,0,34439909.6,34.4399
20260801T200454Z-minibits-b7641c0e-7e59438,minibits-b7641c0e,L1.B2.w1-halide-par.w2-simple,frame,0.25,1,1000000,68,1,34302243.1,34.3022
20260801T200454Z-minibits-b7641c0e-7e59438,minibits-b7641c0e,L1.B2.w1-halide-par.w2-simple,frame,0.25,1,1000000,68,2,32580662.9,32.5807
20260801T200454Z-minibits-b7641c0e-7e59438,minibits-b7641c0e,L1.B2.w1-halide-par.w2-simple,frame,0.25,1,4000000,68,0,118330603.8,29.5827
20260801T200454Z-minibits-b7641c0e-7e59438,minibits-b7641c0e,L1.B2.w1-halide-par.w2-simple,frame,0.25,1,4000000,68,1,132863836.7,33.2160
20260801T200454Z-minibits-b7641c0e-7e59438,minibits-b7641c0e,L1.B2.w1-halide-par.w2-simple,frame,0.25,1,4000000,68,2,132191779.8,33.0479
20260801T200454Z-minibits-b7641c0e-7e59438,minibits-b7641c0e,L1.B3.w1-autovec.w2-simple,frame,0.01,1,4000,69,0,81059.2,20.2648
20260801T200454Z-minibits-b7641c0e-7e59438,minibits-b7641c0e,L1.B3.w1-autovec.w2-simple,frame,0.01,1,4000,69,1,50205.0,12.5513
20260801T200454Z-minibits-b7641c0e-7e59438,minibits-b7641c0e,L1.B3.w1-autovec.w2-simple,frame,0.01,1,4000,69,2,47633.8,11.9084
20260801T200454Z-minibits-b7641c0e-7e59438,minibits-b7641c0e,L1.B3.w1-autovec.w2-simple,frame,0.01,1,16000,69,0,152292.7,9.5183
20260801T200454Z-minibits-b7641c0e-7e59438,minibits-b7641c0e,L1.B3.w1-autovec.w2-simple,frame,0.01,1,16000,69,1,129796.9,8.1123
20260801T200454Z-minibits-b7641c0e-7e59438,minibits-b7641c0e,L1.B3.w1-autovec.w2-simple,frame,0.01,1,16000,69,2,128877.9,8.0549
20260801T200454Z-minibits-b7641c0e-7e59438,minibits-b7641c0e,L1.B3.w1-autovec.w2-simple,frame,0.01,1,65000,69,0,516483.5,7.9459
20260801T200454Z-minibits-b7641c0e-7e59438,minibits-b7641c0e,L1.B3.w1-autovec.w2-simple,frame,0.01,1,65000,69,1,514907.1,7.9216
20260801T200454Z-minibits-b7641c0e-7e59438,minibits-b7641c0e,L1.B3.w1-autovec.w2-simple,frame,0.01,1,65000,69,2,513779.6,7.9043
20260801T200454Z-minibits-b7641c0e-7e59438,minibits-b7641c0e,L1.B3.w1-autovec.w2-simple,frame,0.01,1,262000,69,0,2086273.5,7.9629
20260801T200454Z-minibits-b7641c0e-7e59438,minibits-b7641c0e,L1.B3.w1-autovec.w2-simple,frame,0.01,1,262000,69,1,2099384.2,8.0129
20260801T200454Z-minibits-b7641c0e-7e59438,minibits-b7641c0e,L1.B3.w1-autovec.w2-simple,frame,0.01,1,262000,69,2,2071564.0,7.9067
20260801T200454Z-minibits-b7641c0e-7e59438,minibits-b7641c0e,L1.B3.w1-autovec.w2-simple,frame,0.01,1,1000000,69,0,8298882.3,8.2989
20260801T200454Z-minibits-b7641c0e-7e59438,minibits-b7641c0e,L1.B3.w1-autovec.w2-simple,frame,0.01,1,1000000,69,1,8025572.3,8.0256
20260801T200454Z-minibits-b7641c0e-7e59438,minibits-b7641c0e,L1.B3.w1-autovec.w2-simple,frame,0.01,1,1000000,69,2,8020591.3,8.0206
20260801T200454Z-minibits-b7641c0e-7e59438,minibits-b7641c0e,L1.B3.w1-autovec.w2-simple,frame,0.01,1,4000000,69,0,32039156.5,8.0098
20260801T200454Z-minibits-b7641c0e-7e59438,minibits-b7641c0e,L1.B3.w1-autovec.w2-simple,frame,0.01,1,4000000,69,1,32269630.8,8.0674
20260801T200454Z-minibits-b7641c0e-7e59438,minibits-b7641c0e,L1.B3.w1-autovec.w2-simple,frame,0.01,1,4000000,69,2,32154019.0,8.0385
20260801T200454Z-minibits-b7641c0e-7e59438,minibits-b7641c0e,L1.B3.w1-autovec.w2-simple,frame,0.05,1,4000,69,0,64283.8,16.0709
20260801T200454Z-minibits-b7641c0e-7e59438,minibits-b7641c0e,L1.B3.w1-autovec.w2-simple,frame,0.05,1,4000,69,1,52106.0,13.0265
20260801T200454Z-minibits-b7641c0e-7e59438,minibits-b7641c0e,L1.B3.w1-autovec.w2-simple,frame,0.05,1,4000,69,2,46197.5,11.5494
20260801T200454Z-minibits-b7641c0e-7e59438,minibits-b7641c0e,L1.B3.w1-autovec.w2-simple,frame,0.05,1,16000,69,0,148670.8,9.2919
20260801T200454Z-minibits-b7641c0e-7e59438,minibits-b7641c0e,L1.B3.w1-autovec.w2-simple,frame,0.05,1,16000,69,1,135451.3,8.4657
20260801T200454Z-minibits-b7641c0e-7e59438,minibits-b7641c0e,L1.B3.w1-autovec.w2-simple,frame,0.05,1,16000,69,2,134985.2,8.4366
20260801T200454Z-minibits-b7641c0e-7e59438,minibits-b7641c0e,L1.B3.w1-autovec.w2-simple,frame,0.05,1,65000,69,0,545603.1,8.3939
20260801T200454Z-minibits-b7641c0e-7e59438,minibits-b7641c0e,L1.B3.w1-autovec.w2-simple,frame,0.05,1,65000,69,1,542125.2,8.3404
20260801T200454Z-minibits-b7641c0e-7e59438,minibits-b7641c0e,L1.B3.w1-autovec.w2-simple,frame,0.05,1,65000,69,2,533125.8,8.2019
20260801T200454Z-minibits-b7641c0e-7e59438,minibits-b7641c0e,L1.B3.w1-autovec.w2-simple,frame,0.05,1,262000,69,0,2155758.8,8.2281
20260801T200454Z-minibits-b7641c0e-7e59438,minibits-b7641c0e,L1.B3.w1-autovec.w2-simple,frame,0.05,1,262000,69,1,2186329.6,8.3448
20260801T200454Z-minibits-b7641c0e-7e59438,minibits-b7641c0e,L1.B3.w1-autovec.w2-simple,frame,0.05,1,262000,69,2,2182381.5,8.3297
20260801T200454Z-minibits-b7641c0e-7e59438,minibits-b7641c0e,L1.B3.w1-autovec.w2-simple,frame,0.05,1,1000000,69,0,8886276.9,8.8863
20260801T200454Z-minibits-b7641c0e-7e59438,minibits-b7641c0e,L1.B3.w1-autovec.w2-simple,frame,0.05,1,1000000,69,1,8864540.0,8.8645
20260801T200454Z-minibits-b7641c0e-7e59438,minibits-b7641c0e,L1.B3.w1-autovec.w2-simple,frame,0.05,1,1000000,69,2,8832081.0,8.8321
20260801T200454Z-minibits-b7641c0e-7e59438,minibits-b7641c0e,L1.B3.w1-autovec.w2-simple,frame,0.05,1,4000000,69,0,35353247.3,8.8383
20260801T200454Z-minibits-b7641c0e-7e59438,minibits-b7641c0e,L1.B3.w1-autovec.w2-simple,frame,0.05,1,4000000,69,1,35447645.2,8.8619
20260801T200454Z-minibits-b7641c0e-7e59438,minibits-b7641c0e,L1.B3.w1-autovec.w2-simple,frame,0.05,1,4000000,69,2,35311305.6,8.8278
20260801T200454Z-minibits-b7641c0e-7e59438,minibits-b7641c0e,L1.B3.w1-autovec.w2-simple,frame,0.25,1,4000,69,0,98678.1,24.6695
20260801T200454Z-minibits-b7641c0e-7e59438,minibits-b7641c0e,L1.B3.w1-autovec.w2-simple,frame,0.25,1,4000,69,1,67202.1,16.8005
20260801T200454Z-minibits-b7641c0e-7e59438,minibits-b7641c0e,L1.B3.w1-autovec.w2-simple,frame,0.25,1,4000,69,2,54510.0,13.6275
20260801T200454Z-minibits-b7641c0e-7e59438,minibits-b7641c0e,L1.B3.w1-autovec.w2-simple,frame,0.25,1,16000,69,0,173442.7,10.8402
20260801T200454Z-minibits-b7641c0e-7e59438,minibits-b7641c0e,L1.B3.w1-autovec.w2-simple,frame,0.25,1,16000,69,1,158999.4,9.9375
20260801T200454Z-minibits-b7641c0e-7e59438,minibits-b7641c0e,L1.B3.w1-autovec.w2-simple,frame,0.25,1,16000,69,2,158937.3,9.9336
20260801T200454Z-minibits-b7641c0e-7e59438,minibits-b7641c0e,L1.B3.w1-autovec.w2-simple,frame,0.25,1,65000,69,0,651168.3,10.0180
20260801T200454Z-minibits-b7641c0e-7e59438,minibits-b7641c0e,L1.B3.w1-autovec.w2-simple,frame,0.25,1,65000,69,1,651965.4,10.0302
20260801T200454Z-minibits-b7641c0e-7e59438,minibits-b7641c0e,L1.B3.w1-autovec.w2-simple,frame,0.25,1,65000,69,2,651783.3,10.0274
20260801T200454Z-minibits-b7641c0e-7e59438,minibits-b7641c0e,L1.B3.w1-autovec.w2-simple,frame,0.25,1,262000,69,0,2621846.9,10.0070
20260801T200454Z-minibits-b7641c0e-7e59438,minibits-b7641c0e,L1.B3.w1-autovec.w2-simple,frame,0.25,1,262000,69,1,2625671.3,10.0216
20260801T200454Z-minibits-b7641c0e-7e59438,minibits-b7641c0e,L1.B3.w1-autovec.w2-simple,frame,0.25,1,262000,69,2,2613584.6,9.9755
20260801T200454Z-minibits-b7641c0e-7e59438,minibits-b7641c0e,L1.B3.w1-autovec.w2-simple,frame,0.25,1,1000000,69,0,10020687.1,10.0207
20260801T200454Z-minibits-b7641c0e-7e59438,minibits-b7641c0e,L1.B3.w1-autovec.w2-simple,frame,0.25,1,1000000,69,1,10063337.7,10.0633
20260801T200454Z-minibits-b7641c0e-7e59438,minibits-b7641c0e,L1.B3.w1-autovec.w2-simple,frame,0.25,1,1000000,69,2,10046986.7,10.0470
20260801T200454Z-minibits-b7641c0e-7e59438,minibits-b7641c0e,L1.B3.w1-autovec.w2-simple,frame,0.25,1,4000000,69,0,40062401.5,10.0156
20260801T200454Z-minibits-b7641c0e-7e59438,minibits-b7641c0e,L1.B3.w1-autovec.w2-simple,frame,0.25,1,4000000,69,1,40169047.1,10.0423
20260801T200454Z-minibits-b7641c0e-7e59438,minibits-b7641c0e,L1.B3.w1-autovec.w2-simple,frame,0.25,1,4000000,69,2,40273125.6,10.0683
20260801T200454Z-minibits-b7641c0e-7e59438,minibits-b7641c0e,L1.B3.w1-autovec-par.w2-rmerge,frame,0.01,1,4000,69,0,48089.2,12.0223
20260801T200454Z-minibits-b7641c0e-7e59438,minibits-b7641c0e,L1.B3.w1-autovec-par.w2-rmerge,frame,0.01,1,4000,69,1,43305.2,10.8263
20260801T200454Z-minibits-b7641c0e-7e59438,minibits-b7641c0e,L1.B3.w1-autovec-par.w2-rmerge,frame,0.01,1,4000,69,2,40034.6,10.0086
20260801T200454Z-minibits-b7641c0e-7e59438,minibits-b7641c0e,L1.B3.w1-autovec-par.w2-rmerge,frame,0.01,1,16000,69,0,137149.4,8.5718
20260801T200454Z-minibits-b7641c0e-7e59438,minibits-b7641c0e,L1.B3.w1-autovec-par.w2-rmerge,frame,0.01,1,16000,69,1,131934.2,8.2459
20260801T200454Z-minibits-b7641c0e-7e59438,minibits-b7641c0e,L1.B3.w1-autovec-par.w2-rmerge,frame,0.01,1,16000,69,2,131623.1,8.2264
20260801T200454Z-minibits-b7641c0e-7e59438,minibits-b7641c0e,L1.B3.w1-autovec-par.w2-rmerge,frame,0.01,1,65000,69,0,525075.2,8.0781
20260801T200454Z-minibits-b7641c0e-7e59438,minibits-b7641c0e,L1.B3.w1-autovec-par.w2-rmerge,frame,0.01,1,65000,69,1,525964.4,8.0918
20260801T200454Z-minibits-b7641c0e-7e59438,minibits-b7641c0e,L1.B3.w1-autovec-par.w2-rmerge,frame,0.01,1,65000,69,2,526298.8,8.0969
20260801T200454Z-minibits-b7641c0e-7e59438,minibits-b7641c0e,L1.B3.w1-autovec-par.w2-rmerge,frame,0.01,1,262000,69,0,2071600.4,7.9069
20260801T200454Z-minibits-b7641c0e-7e59438,minibits-b7641c0e,L1.B3.w1-autovec-par.w2-rmerge,frame,0.01,1,262000,69,1,2078650.6,7.9338
20260801T200454Z-minibits-b7641c0e-7e59438,minibits-b7641c0e,L1.B3.w1-autovec-par.w2-rmerge,frame,0.01,1,262000,69,2,2117586.5,8.0824
20260801T200454Z-minibits-b7641c0e-7e59438,minibits-b7641c0e,L1.B3.w1-autovec-par.w2-rmerge,frame,0.01,1,1000000,69,0,8052517.7,8.0525
20260801T200454Z-minibits-b7641c0e-7e59438,minibits-b7641c0e,L1.B3.w1-autovec-par.w2-rmerge,frame,0.01,1,1000000,69,1,8118537.1,8.1185
20260801T200454Z-minibits-b7641c0e-7e59438,minibits-b7641c0e,L1.B3.w1-autovec-par.w2-rmerge,frame,0.01,1,1000000,69,2,8123440.0,8.1234
20260801T200454Z-minibits-b7641c0e-7e59438,minibits-b7641c0e,L1.B3.w1-autovec-par.w2-rmerge,frame,0.01,1,4000000,69,0,32230505.2,8.0576
20260801T200454Z-minibits-b7641c0e-7e59438,minibits-b7641c0e,L1.B3.w1-autovec-par.w2-rmerge,frame,0.01,1,4000000,69,1,32372938.1,8.0932
20260801T200454Z-minibits-b7641c0e-7e59438,minibits-b7641c0e,L1.B3.w1-autovec-par.w2-rmerge,frame,0.01,1,4000000,69,2,32458316.3,8.1146
20260801T200454Z-minibits-b7641c0e-7e59438,minibits-b7641c0e,L1.B3.w1-autovec-par.w2-rmerge,frame,0.05,1,4000,69,0,43383.1,10.8458
20260801T200454Z-minibits-b7641c0e-7e59438,minibits-b7641c0e,L1.B3.w1-autovec-par.w2-rmerge,frame,0.05,1,4000,69,1,39893.8,9.9734
20260801T200454Z-minibits-b7641c0e-7e59438,minibits-b7641c0e,L1.B3.w1-autovec-par.w2-rmerge,frame,0.05,1,4000,69,2,38273.5,9.5684
20260801T200454Z-minibits-b7641c0e-7e59438,minibits-b7641c0e,L1.B3.w1-autovec-par.w2-rmerge,frame,0.05,1,16000,69,0,137406.5,8.5879
20260801T200454Z-minibits-b7641c0e-7e59438,minibits-b7641c0e,L1.B3.w1-autovec-par.w2-rmerge,frame,0.05,1,16000,69,1,136692.9,8.5433
20260801T200454Z-minibits-b7641c0e-7e59438,minibits-b7641c0e,L1.B3.w1-autovec-par.w2-rmerge,frame,0.05,1,16000,69,2,136499.2,8.5312
20260801T200454Z-minibits-b7641c0e-7e59438,minibits-b7641c0e,L1.B3.w1-autovec-par.w2-rmerge,frame,0.05,1,65000,69,0,552216.9,8.4956
20260801T200454Z-minibits-b7641c0e-7e59438,minibits-b7641c0e,L1.B3.w1-autovec-par.w2-rmerge,frame,0.05,1,65000,69,1,544160.2,8.3717
20260801T200454Z-minibits-b7641c0e-7e59438,minibits-b7641c0e,L1.B3.w1-autovec-par.w2-rmerge,frame,0.05,1,65000,69,2,540420.6,8.3142
20260801T200454Z-minibits-b7641c0e-7e59438,minibits-b7641c0e,L1.B3.w1-autovec-par.w2-rmerge,frame,0.05,1,262000,69,0,2204021.9,8.4123
20260801T200454Z-minibits-b7641c0e-7e59438,minibits-b7641c0e,L1.B3.w1-autovec-par.w2-rmerge,frame,0.05,1,262000,69,1,2247811.3,8.5794
20260801T200454Z-minibits-b7641c0e-7e59438,minibits-b7641c0e,L1.B3.w1-autovec-par.w2-rmerge,frame,0.05,1,262000,69,2,2189996.7,8.3588
20260801T200454Z-minibits-b7641c0e-7e59438,minibits-b7641c0e,L1.B3.w1-autovec-par.w2-rmerge,frame,0.05,1,1000000,69,0,8934006.0,8.9340
20260801T200454Z-minibits-b7641c0e-7e59438,minibits-b7641c0e,L1.B3.w1-autovec-par.w2-rmerge,frame,0.05,1,1000000,69,1,8931283.1,8.9313
20260801T200454Z-minibits-b7641c0e-7e59438,minibits-b7641c0e,L1.B3.w1-autovec-par.w2-rmerge,frame,0.05,1,1000000,69,2,8993424.2,8.9934
20260801T200454Z-minibits-b7641c0e-7e59438,minibits-b7641c0e,L1.B3.w1-autovec-par.w2-rmerge,frame,0.05,1,4000000,69,0,35572242.1,8.8931
20260801T200454Z-minibits-b7641c0e-7e59438,minibits-b7641c0e,L1.B3.w1-autovec-par.w2-rmerge,frame,0.05,1,4000000,69,1,35667229.0,8.9168
20260801T200454Z-minibits-b7641c0e-7e59438,minibits-b7641c0e,L1.B3.w1-autovec-par.w2-rmerge,frame,0.05,1,4000000,69,2,35386887.9,8.8467
20260801T200454Z-minibits-b7641c0e-7e59438,minibits-b7641c0e,L1.B3.w1-autovec-par.w2-rmerge,frame,0.25,1,4000,69,0,97889.2,24.4723
20260801T200454Z-minibits-b7641c0e-7e59438,minibits-b7641c0e,L1.B3.w1-autovec-par.w2-rmerge,frame,0.25,1,4000,69,1,65918.1,16.4795
20260801T200454Z-minibits-b7641c0e-7e59438,minibits-b7641c0e,L1.B3.w1-autovec-par.w2-rmerge,frame,0.25,1,4000,69,2,53737.7,13.4344
20260801T200454Z-minibits-b7641c0e-7e59438,minibits-b7641c0e,L1.B3.w1-autovec-par.w2-rmerge,frame,0.25,1,16000,69,0,171649.0,10.7281
20260801T200454Z-minibits-b7641c0e-7e59438,minibits-b7641c0e,L1.B3.w1-autovec-par.w2-rmerge,frame,0.25,1,16000,69,1,157426.3,9.8391
20260801T200454Z-minibits-b7641c0e-7e59438,minibits-b7641c0e,L1.B3.w1-autovec-par.w2-rmerge,frame,0.25,1,16000,69,2,157551.5,9.8470
20260801T200454Z-minibits-b7641c0e-7e59438,minibits-b7641c0e,L1.B3.w1-autovec-par.w2-rmerge,frame,0.25,1,65000,69,0,656505.2,10.1001
20260801T200454Z-minibits-b7641c0e-7e59438,minibits-b7641c0e,L1.B3.w1-autovec-par.w2-rmerge,frame,0.25,1,65000,69,1,663259.8,10.2040
20260801T200454Z-minibits-b7641c0e-7e59438,minibits-b7641c0e,L1.B3.w1-autovec-par.w2-rmerge,frame,0.25,1,65000,69,2,664514.8,10.2233
20260801T200454Z-minibits-b7641c0e-7e59438,minibits-b7641c0e,L1.B3.w1-autovec-par.w2-rmerge,frame,0.25,1,262000,69,0,2674787.5,10.2091
20260801T200454Z-minibits-b7641c0e-7e59438,minibits-b7641c0e,L1.B3.w1-autovec-par.w2-rmerge,frame,0.25,1,262000,69,1,2678110.6,10.2218
20260801T200454Z-minibits-b7641c0e-7e59438,minibits-b7641c0e,L1.B3.w1-autovec-par.w2-rmerge,frame,0.25,1,262000,69,2,2676247.5,10.2147
20260801T200454Z-minibits-b7641c0e-7e59438,minibits-b7641c0e,L1.B3.w1-autovec-par.w2-rmerge,frame,0.25,1,1000000,69,0,10255296.3,10.2553
20260801T200454Z-minibits-b7641c0e-7e59438,minibits-b7641c0e,L1.B3.w1-autovec-par.w2-rmerge,frame,0.25,1,1000000,69,1,10236103.8,10.2361
20260801T200454Z-minibits-b7641c0e-7e59438,minibits-b7641c0e,L1.B3.w1-autovec-par.w2-rmerge,frame,0.25,1,1000000,69,2,10239265.2,10.2393
20260801T200454Z-minibits-b7641c0e-7e59438,minibits-b7641c0e,L1.B3.w1-autovec-par.w2-rmerge,frame,0.25,1,4000000,69,0,40907691.5,10.2269
20260801T200454Z-minibits-b7641c0e-7e59438,minibits-b7641c0e,L1.B3.w1-autovec-par.w2-rmerge,frame,0.25,1,4000000,69,1,40874915.0,10.2187
20260801T200454Z-minibits-b7641c0e-7e59438,minibits-b7641c0e,L1.B3.w1-autovec-par.w2-rmerge,frame,0.25,1,4000000,69,2,40870230.6,10.2176
20260801T200454Z-minibits-b7641c0e-7e59438,minibits-b7641c0e,L1.B3.w1-halide.w2-simple,frame,0.01,1,4000,69,0,78321.9,19.5805
20260801T200454Z-minibits-b7641c0e-7e59438,minibits-b7641c0e,L1.B3.w1-halide.w2-simple,frame,0.01,1,4000,69,1,52997.7,13.2494
20260801T200454Z-minibits-b7641c0e-7e59438,minibits-b7641c0e,L1.B3.w1-halide.w2-simple,frame,0.01,1,4000,69,2,43551.7,10.8879
20260801T200454Z-minibits-b7641c0e-7e59438,minibits-b7641c0e,L1.B3.w1-halide.w2-simple,frame,0.01,1,16000,69,0,128889.2,8.0556
20260801T200454Z-minibits-b7641c0e-7e59438,minibits-b7641c0e,L1.B3.w1-halide.w2-simple,frame,0.01,1,16000,69,1,108662.3,6.7914
20260801T200454Z-minibits-b7641c0e-7e59438,minibits-b7641c0e,L1.B3.w1-halide.w2-simple,frame,0.01,1,16000,69,2,106103.5,6.6315
20260801T200454Z-minibits-b7641c0e-7e59438,minibits-b7641c0e,L1.B3.w1-halide.w2-simple,frame,0.01,1,65000,69,0,428321.3,6.5896
20260801T200454Z-minibits-b7641c0e-7e59438,minibits-b7641c0e,L1.B3.w1-halide.w2-simple,frame,0.01,1,65000,69,1,427909.4,6.5832
20260801T200454Z-minibits-b7641c0e-7e59438,minibits-b7641c0e,L1.B3.w1-halide.w2-simple,frame,0.01,1,65000,69,2,433512.1,6.6694
20260801T200454Z-minibits-b7641c0e-7e59438,minibits-b7641c0e,L1.B3.w1-halide.w2-simple,frame,0.01,1,262000,69,0,1740283.3,6.6423
20260801T200454Z-minibits-b7641c0e-7e59438,minibits-b7641c0e,L1.B3.w1-halide.w2-simple,frame,0.01,1,262000,69,1,1735232.3,6.6230
20260801T200454Z-minibits-b7641c0e-7e59438,minibits-b7641c0e,L1.B3.w1-halide.w2-simple,frame,0.01,1,262000,69,2,1735725.2,6.6249
20260801T200454Z-minibits-b7641c0e-7e59438,minibits-b7641c0e,L1.B3.w1-halide.w2-simple,frame,0.01,1,1000000,69,0,6737444.4,6.7374
20260801T200454Z-minibits-b7641c0e-7e59438,minibits-b7641c0e,L1.B3.w1-halide.w2-simple,frame,0.01,1,1000000,69,1,6803885.0,6.8039
20260801T200454Z-minibits-b7641c0e-7e59438,minibits-b7641c0e,L1.B3.w1-halide.w2-simple,frame,0.01,1,1000000,69,2,6846704.0,6.8467
20260801T200454Z-minibits-b7641c0e-7e59438,minibits-b7641c0e,L1.B3.w1-halide.w2-simple,frame,0.01,1,4000000,69,0,27522061.0,6.8805
20260801T200454Z-minibits-b7641c0e-7e59438,minibits-b7641c0e,L1.B3.w1-halide.w2-simple,frame,0.01,1,4000000,69,1,27757839.6,6.9395
20260801T200454Z-minibits-b7641c0e-7e59438,minibits-b7641c0e,L1.B3.w1-halide.w2-simple,frame,0.01,1,4000000,69,2,27732272.1,6.9331
20260801T200454Z-minibits-b7641c0e-7e59438,minibits-b7641c0e,L1.B3.w1-halide.w2-simple,frame,0.05,1,4000,69,0,57240.8,14.3102
20260801T200454Z-minibits-b7641c0e-7e59438,minibits-b7641c0e,L1.B3.w1-halide.w2-simple,frame,0.05,1,4000,69,1,47316.5,11.8291
20260801T200454Z-minibits-b7641c0e-7e59438,minibits-b7641c0e,L1.B3.w1-halide.w2-simple,frame,0.05,1,4000,69,2,41331.7,10.3329
20260801T200454Z-minibits-b7641c0e-7e59438,minibits-b7641c0e,L1.B3.w1-halide.w2-simple,frame,0.05,1,16000,69,0,128575.2,8.0360
20260801T200454Z-minibits-b7641c0e-7e59438,minibits-b7641c0e,L1.B3.w1-halide.w2-simple,frame,0.05,1,16000,69,1,111724.4,6.9828
20260801T200454Z-minibits-b7641c0e-7e59438,minibits-b7641c0e,L1.B3.w1-halide.w2-simple,frame,0.05,1,16000,69,2,110958.1,6.9349
20260801T200454Z-minibits-b7641c0e-7e59438,minibits-b7641c0e,L1.B3.w1-halide.w2-simple,frame,0.05,1,65000,69,0,443808.5,6.8278
20260801T200454Z-minibits-b7641c0e-7e59438,minibits-b7641c0e,L1.B3.w1-halide.w2-simple,frame,0.05,1,65000,69,1,443940.8,6.8299
20260801T200454Z-minibits-b7641c0e-7e59438,minibits-b7641c0e,L1.B3.w1-halide.w2-simple,frame,0.05,1,65000,69,2,450513.5,6.9310
20260801T200454Z-minibits-b7641c0e-7e59438,minibits-b7641c0e,L1.B3.w1-halide.w2-simple,frame,0.05,1,262000,69,0,1811558.3,6.9143
20260801T200454Z-minibits-b7641c0e-7e59438,minibits-b7641c0e,L1.B3.w1-halide.w2-simple,frame,0.05,1,262000,69,1,1803896.0,6.8851
20260801T200454Z-minibits-b7641c0e-7e59438,minibits-b7641c0e,L1.B3.w1-halide.w2-simple,frame,0.05,1,262000,69,2,1797666.3,6.8613
20260801T200454Z-minibits-b7641c0e-7e59438,minibits-b7641c0e,L1.B3.w1-halide.w2-simple,frame,0.05,1,1000000,69,0,7589489.2,7.5895
20260801T200454Z-minibits-b7641c0e-7e59438,minibits-b7641c0e,L1.B3.w1-halide.w2-simple,frame,0.05,1,1000000,69,1,7601425.8,7.6014
20260801T200454Z-minibits-b7641c0e-7e59438,minibits-b7641c0e,L1.B3.w1-halide.w2-simple,frame,0.05,1,1000000,69,2,7590096.3,7.5901
20260801T200454Z-minibits-b7641c0e-7e59438,minibits-b7641c0e,L1.B3.w1-halide.w2-simple,frame,0.05,1,4000000,69,0,31460409.2,7.8651
20260801T200454Z-minibits-b7641c0e-7e59438,minibits-b7641c0e,L1.B3.w1-halide.w2-simple,frame,0.05,1,4000000,69,1,31247289.4,7.8118
20260801T200454Z-minibits-b7641c0e-7e59438,minibits-b7641c0e,L1.B3.w1-halide.w2-simple,frame,0.05,1,4000000,69,2,31295800.8,7.8240
20260801T200454Z-minibits-b7641c0e-7e59438,minibits-b7641c0e,L1.B3.w1-halide.w2-simple,frame,0.25,1,4000,69,0,71597.9,17.8995
20260801T200454Z-minibits-b7641c0e-7e59438,minibits-b7641c0e,L1.B3.w1-halide.w2-simple,frame,0.25,1,4000,69,1,55998.5,13.9996
20260801T200454Z-minibits-b7641c0e-7e59438,minibits-b7641c0e,L1.B3.w1-halide.w2-simple,frame,0.25,1,4000,69,2,47981.7,11.9954
20260801T200454Z-minibits-b7641c0e-7e59438,minibits-b7641c0e,L1.B3.w1-halide.w2-simple,frame,0.25,1,16000,69,0,149910.6,9.3694
20260801T200454Z-minibits-b7641c0e-7e59438,minibits-b7641c0e,L1.B3.w1-halide.w2-simple,frame,0.25,1,16000,69,1,136060.4,8.5038
20260801T200454Z-minibits-b7641c0e-7e59438,minibits-b7641c0e,L1.B3.w1-halide.w2-simple,frame,0.25,1,16000,69,2,136000.6,8.5000
20260801T200454Z-minibits-b7641c0e-7e59438,minibits-b7641c0e,L1.B3.w1-halide.w2-simple,frame,0.25,1,65000,69,0,547638.3,8.4252
20260801T200454Z-minibits-b7641c0e-7e59438,minibits-b7641c0e,L1.B3.w1-halide.w2-simple,frame,0.25,1,65000,69,1,548801.3,8.4431
20260801T200454Z-minibits-b7641c0e-7e59438,minibits-b7641c0e,L1.B3.w1-halide.w2-simple,frame,0.25,1,65000,69,2,550786.0,8.4736
20260801T200454Z-minibits-b7641c0e-7e59438,minibits-b7641c0e,L1.B3.w1-halide.w2-simple,frame,0.25,1,262000,69,0,2258989.6,8.6221
20260801T200454Z-minibits-b7641c0e-7e59438,minibits-b7641c0e,L1.B3.w1-halide.w2-simple,frame,0.25,1,262000,69,1,2222379.0,8.4824
20260801T200454Z-minibits-b7641c0e-7e59438,minibits-b7641c0e,L1.B3.w1-halide.w2-simple,frame,0.25,1,262000,69,2,2235047.7,8.5307
20260801T200454Z-minibits-b7641c0e-7e59438,minibits-b7641c0e,L1.B3.w1-halide.w2-simple,frame,0.25,1,1000000,69,0,8747448.3,8.7474
20260801T200454Z-minibits-b7641c0e-7e59438,minibits-b7641c0e,L1.B3.w1-halide.w2-simple,frame,0.25,1,1000000,69,1,8785936.7,8.7859
20260801T200454Z-minibits-b7641c0e-7e59438,minibits-b7641c0e,L1.B3.w1-halide.w2-simple,frame,0.25,1,1000000,69,2,8826826.3,8.8268
20260801T200454Z-minibits-b7641c0e-7e59438,minibits-b7641c0e,L1.B3.w1-halide.w2-simple,frame,0.25,1,4000000,69,0,35541645.0,8.8854
20260801T200454Z-minibits-b7641c0e-7e59438,minibits-b7641c0e,L1.B3.w1-halide.w2-simple,frame,0.25,1,4000000,69,1,35740080.4,8.9350
20260801T200454Z-minibits-b7641c0e-7e59438,minibits-b7641c0e,L1.B3.w1-halide.w2-simple,frame,0.25,1,4000000,69,2,35737436.7,8.9344
20260801T200454Z-minibits-b7641c0e-7e59438,minibits-b7641c0e,L1.B4.w1-autovec.w2-simple,frame,0.01,1,4000,72,0,81012.7,20.2532
20260801T200454Z-minibits-b7641c0e-7e59438,minibits-b7641c0e,L1.B4.w1-autovec.w2-simple,frame,0.01,1,4000,72,1,56871.3,14.2178
20260801T200454Z-minibits-b7641c0e-7e59438,minibits-b7641c0e,L1.B4.w1-autovec.w2-simple,frame,0.01,1,4000,72,2,47600.4,11.9001
20260801T200454Z-minibits-b7641c0e-7e59438,minibits-b7641c0e,L1.B4.w1-autovec.w2-simple,frame,0.01,1,16000,72,0,148571.3,9.2857
20260801T200454Z-minibits-b7641c0e-7e59438,minibits-b7641c0e,L1.B4.w1-autovec.w2-simple,frame,0.01,1,16000,72,1,127466.0,7.9666
20260801T200454Z-minibits-b7641c0e-7e59438,minibits-b7641c0e,L1.B4.w1-autovec.w2-simple,frame,0.01,1,16000,72,2,126890.6,7.9307
20260801T200454Z-minibits-b7641c0e-7e59438,minibits-b7641c0e,L1.B4.w1-autovec.w2-simple,frame,0.01,1,65000,72,0,505293.1,7.7737
20260801T200454Z-minibits-b7641c0e-7e59438,minibits-b7641c0e,L1.B4.w1-autovec.w2-simple,frame,0.01,1,65000,72,1,503305.4,7.7432
20260801T200454Z-minibits-b7641c0e-7e59438,minibits-b7641c0e,L1.B4.w1-autovec.w2-simple,frame,0.01,1,65000,72,2,502958.5,7.7378
20260801T200454Z-minibits-b7641c0e-7e59438,minibits-b7641c0e,L1.B4.w1-autovec.w2-simple,frame,0.01,1,262000,72,0,2043080.4,7.7980
20260801T200454Z-minibits-b7641c0e-7e59438,minibits-b7641c0e,L1.B4.w1-autovec.w2-simple,frame,0.01,1,262000,72,1,2055635.4,7.8459
20260801T200454Z-minibits-b7641c0e-7e59438,minibits-b7641c0e,L1.B4.w1-autovec.w2-simple,frame,0.01,1,262000,72,2,2047833.1,7.8162
20260801T200454Z-minibits-b7641c0e-7e59438,minibits-b7641c0e,L1.B4.w1-autovec.w2-simple,frame,0.01,1,1000000,72,0,7993374.8,7.9934
20260801T200454Z-minibits-b7641c0e-7e59438,minibits-b7641c0e,L1.B4.w1-autovec.w2-simple,frame,0.01,1,1000000,72,1,8130229.8,8.1302
20260801T200454Z-minibits-b7641c0e-7e59438,minibits-b7641c0e,L1.B4.w1-autovec.w2-simple,frame,0.01,1,1000000,72,2,8061489.2,8.0615
20260801T200454Z-minibits-b7641c0e-7e59438,minibits-b7641c0e,L1.B4.w1-autovec.w2-simple,frame,0.01,1,4000000,72,0,32190422.9,8.0476
20260801T200454Z-minibits-b7641c0e-7e59438,minibits-b7641c0e,L1.B4.w1-autovec.w2-simple,frame,0.01,1,4000000,72,1,32401916.9,8.1005
20260801T200454Z-minibits-b7641c0e-7e59438,minibits-b7641c0e,L1.B4.w1-autovec.w2-simple,frame,0.01,1,4000000,72,2,32429735.6,8.1074
20260801T200454Z-minibits-b7641c0e-7e59438,minibits-b7641c0e,L1.B4.w1-autovec.w2-simple,frame,0.05,1,4000,72,0,56909.0,14.2272
20260801T200454Z-minibits-b7641c0e-7e59438,minibits-b7641c0e,L1.B4.w1-autovec.w2-simple,frame,0.05,1,4000,72,1,48236.9,12.0592
20260801T200454Z-minibits-b7641c0e-7e59438,minibits-b7641c0e,L1.B4.w1-autovec.w2-simple,frame,0.05,1,4000,72,2,44063.5,11.0159
20260801T200454Z-minibits-b7641c0e-7e59438,minibits-b7641c0e,L1.B4.w1-autovec.w2-simple,frame,0.05,1,16000,72,0,146846.7,9.1779
20260801T200454Z-minibits-b7641c0e-7e59438,minibits-b7641c0e,L1.B4.w1-autovec.w2-simple,frame,0.05,1,16000,72,1,137400.6,8.5875
20260801T200454Z-minibits-b7641c0e-7e59438,minibits-b7641c0e,L1.B4.w1-autovec.w2-simple,frame,0.05,1,16000,72,2,137567.5,8.5980
20260801T200454Z-minibits-b7641c0e-7e59438,minibits-b7641c0e,L1.B4.w1-autovec.w2-simple,frame,0.05,1,65000,72,0,555105.6,8.5401
20260801T200454Z-minibits-b7641c0e-7e59438,minibits-b7641c0e,L1.B4.w1-autovec.w2-simple,frame,0.05,1,65000,72,1,558287.9,8.5890
20260801T200454Z-minibits-b7641c0e-7e59438,minibits-b7641c0e,L1.B4.w1-autovec.w2-simple,frame,0.05,1,65000,72,2,564307.1,8.6816
20260801T200454Z-minibits-b7641c0e-7e59438,minibits-b7641c0e,L1.B4.w1-autovec.w2-simple,frame,0.05,1,262000,72,0,2268061.3,8.6567
20260801T200454Z-minibits-b7641c0e-7e59438,minibits-b7641c0e,L1.B4.w1-autovec.w2-simple,frame,0.05,1,262000,72,1,2285184.4,8.7221
20260801T200454Z-minibits-b7641c0e-7e59438,minibits-b7641c0e,L1.B4.w1-autovec.w2-simple,frame,0.05,1,262000,72,2,2262331.7,8.6349
20260801T200454Z-minibits-b7641c0e-7e59438,minibits-b7641c0e,L1.B4.w1-autovec.w2-simple,frame,0.05,1,1000000,72,0,9362982.3,9.3630
20260801T200454Z-minibits-b7641c0e-7e59438,minibits-b7641c0e,L1.B4.w1-autovec.w2-simple,frame,0.05,1,1000000,72,1,9361664.2,9.3617
20260801T200454Z-minibits-b7641c0e-7e59438,minibits-b7641c0e,L1.B4.w1-autovec.w2-simple,frame,0.05,1,1000000,72,2,9371608.8,9.3716
20260801T200454Z-minibits-b7641c0e-7e59438,minibits-b7641c0e,L1.B4.w1-autovec.w2-simple,frame,0.05,1,4000000,72,0,37382469.0,9.3456
20260801T200454Z-minibits-b7641c0e-7e59438,minibits-b7641c0e,L1.B4.w1-autovec.w2-simple,frame,0.05,1,4000000,72,1,37444304.6,9.3611
20260801T200454Z-minibits-b7641c0e-7e59438,minibits-b7641c0e,L1.B4.w1-autovec.w2-simple,frame,0.05,1,4000000,72,2,37412493.5,9.3531
20260801T200454Z-minibits-b7641c0e-7e59438,minibits-b7641c0e,L1.B4.w1-autovec.w2-simple,frame,0.25,1,4000,72,0,89415.8,22.3540
20260801T200454Z-minibits-b7641c0e-7e59438,minibits-b7641c0e,L1.B4.w1-autovec.w2-simple,frame,0.25,1,4000,72,1,68123.1,17.0308
20260801T200454Z-minibits-b7641c0e-7e59438,minibits-b7641c0e,L1.B4.w1-autovec.w2-simple,frame,0.25,1,4000,72,2,58707.5,14.6769
20260801T200454Z-minibits-b7641c0e-7e59438,minibits-b7641c0e,L1.B4.w1-autovec.w2-simple,frame,0.25,1,16000,72,0,195955.6,12.2472
20260801T200454Z-minibits-b7641c0e-7e59438,minibits-b7641c0e,L1.B4.w1-autovec.w2-simple,frame,0.25,1,16000,72,1,189904.2,11.8690
20260801T200454Z-minibits-b7641c0e-7e59438,minibits-b7641c0e,L1.B4.w1-autovec.w2-simple,frame,0.25,1,16000,72,2,189284.8,11.8303
20260801T200454Z-minibits-b7641c0e-7e59438,minibits-b7641c0e,L1.B4.w1-autovec.w2-simple,frame,0.25,1,65000,72,0,774887.1,11.9213
20260801T200454Z-minibits-b7641c0e-7e59438,minibits-b7641c0e,L1.B4.w1-autovec.w2-simple,frame,0.25,1,65000,72,1,774844.4,11.9207
20260801T200454Z-minibits-b7641c0e-7e59438,minibits-b7641c0e,L1.B4.w1-autovec.w2-simple,frame,0.25,1,65000,72,2,776281.3,11.9428
20260801T200454Z-minibits-b7641c0e-7e59438,minibits-b7641c0e,L1.B4.w1-autovec.w2-simple,frame,0.25,1,262000,72,0,3153090.8,12.0347
20260801T200454Z-minibits-b7641c0e-7e59438,minibits-b7641c0e,L1.B4.w1-autovec.w2-simple,frame,0.25,1,262000,72,1,3121116.9,11.9127
20260801T200454Z-minibits-b7641c0e-7e59438,minibits-b7641c0e,L1.B4.w1-autovec.w2-simple,frame,0.25,1,262000,72,2,3144245.4,12.0009
20260801T200454Z-minibits-b7641c0e-7e59438,minibits-b7641c0e,L1.B4.w1-autovec.w2-simple,frame,0.25,1,1000000,72,0,11960177.7,11.9602
20260801T200454Z-minibits-b7641c0e-7e59438,minibits-b7641c0e,L1.B4.w1-autovec.w2-simple,frame,0.25,1,1000000,72,1,11943768.5,11.9438
20260801T200454Z-minibits-b7641c0e-7e59438,minibits-b7641c0e,L1.B4.w1-autovec.w2-simple,frame,0.25,1,1000000,72,2,11955537.1,11.9555
20260801T200454Z-minibits-b7641c0e-7e59438,minibits-b7641c0e,L1.B4.w1-autovec.w2-simple,frame,0.25,1,4000000,72,0,47850828.8,11.9627
20260801T200454Z-minibits-b7641c0e-7e59438,minibits-b7641c0e,L1.B4.w1-autovec.w2-simple,frame,0.25,1,4000000,72,1,47785974.8,11.9465
20260801T200454Z-minibits-b7641c0e-7e59438,minibits-b7641c0e,L1.B4.w1-autovec.w2-simple,frame,0.25,1,4000000,72,2,47788514.8,11.9471
20260801T200454Z-minibits-b7641c0e-7e59438,minibits-b7641c0e,L1.B4.w1-autovec-par.w2-rmerge,frame,0.01,1,4000,72,0,62840.8,15.7102
20260801T200454Z-minibits-b7641c0e-7e59438,minibits-b7641c0e,L1.B4.w1-autovec-par.w2-rmerge,frame,0.01,1,4000,72,1,50724.8,12.6812
20260801T200454Z-minibits-b7641c0e-7e59438,minibits-b7641c0e,L1.B4.w1-autovec-par.w2-rmerge,frame,0.01,1,4000,72,2,44965.0,11.2413
20260801T200454Z-minibits-b7641c0e-7e59438,minibits-b7641c0e,L1.B4.w1-autovec-par.w2-rmerge,frame,0.01,1,16000,72,0,142930.6,8.9332
20260801T200454Z-minibits-b7641c0e-7e59438,minibits-b7641c0e,L1.B4.w1-autovec-par.w2-rmerge,frame,0.01,1,16000,72,1,127770.4,7.9857
20260801T200454Z-minibits-b7641c0e-7e59438,minibits-b7641c0e,L1.B4.w1-autovec-par.w2-rmerge,frame,0.01,1,16000,72,2,127656.9,7.9786
20260801T200454Z-minibits-b7641c0e-7e59438,minibits-b7641c0e,L1.B4.w1-autovec-par.w2-rmerge,frame,0.01,1,65000,72,0,511018.5,7.8618
20260801T200454Z-minibits-b7641c0e-7e59438,minibits-b7641c0e,L1.B4.w1-autovec-par.w2-rmerge,frame,0.01,1,65000,72,1,509041.7,7.8314
20260801T200454Z-minibits-b7641c0e-7e59438,minibits-b7641c0e,L1.B4.w1-autovec-par.w2-rmerge,frame,0.01,1,65000,72,2,520282.5,8.0043
20260801T200454Z-minibits-b7641c0e-7e59438,minibits-b7641c0e,L1.B4.w1-autovec-par.w2-rmerge,frame,0.01,1,262000,72,0,2073156.9,7.9128
20260801T200454Z-minibits-b7641c0e-7e59438,minibits-b7641c0e,L1.B4.w1-autovec-par.w2-rmerge,frame,0.01,1,262000,72,1,2049656.0,7.8231
20260801T200454Z-minibits-b7641c0e-7e59438,minibits-b7641c0e,L1.B4.w1-autovec-par.w2-rmerge,frame,0.01,1,262000,72,2,2073209.6,7.9130
20260801T200454Z-minibits-b7641c0e-7e59438,minibits-b7641c0e,L1.B4.w1-autovec-par.w2-rmerge,frame,0.01,1,1000000,72,0,8094456.7,8.0945
20260801T200454Z-minibits-b7641c0e-7e59438,minibits-b7641c0e,L1.B4.w1-autovec-par.w2-rmerge,frame,0.01,1,1000000,72,1,8146159.8,8.1462
20260801T200454Z-minibits-b7641c0e-7e59438,minibits-b7641c0e,L1.B4.w1-autovec-par.w2-rmerge,frame,0.01,1,1000000,72,2,8164863.5,8.1649
20260801T200454Z-minibits-b7641c0e-7e59438,minibits-b7641c0e,L1.B4.w1-autovec-par.w2-rmerge,frame,0.01,1,4000000,72,0,32464034.4,8.1160
20260801T200454Z-minibits-b7641c0e-7e59438,minibits-b7641c0e,L1.B4.w1-autovec-par.w2-rmerge,frame,0.01,1,4000000,72,1,32755072.7,8.1888
20260801T200454Z-minibits-b7641c0e-7e59438,minibits-b7641c0e,L1.B4.w1-autovec-par.w2-rmerge,frame,0.01,1,4000000,72,2,32742937.3,8.1857
20260801T200454Z-minibits-b7641c0e-7e59438,minibits-b7641c0e,L1.B4.w1-autovec-par.w2-rmerge,frame,0.05,1,4000,72,0,55070.2,13.7676
20260801T200454Z-minibits-b7641c0e-7e59438,minibits-b7641c0e,L1.B4.w1-autovec-par.w2-rmerge,frame,0.05,1,4000,72,1,47493.5,11.8734
20260801T200454Z-minibits-b7641c0e-7e59438,minibits-b7641c0e,L1.B4.w1-autovec-par.w2-rmerge,frame,0.05,1,4000,72,2,43604.2,10.9010
20260801T200454Z-minibits-b7641c0e-7e59438,minibits-b7641c0e,L1.B4.w1-autovec-par.w2-rmerge,frame,0.05,1,16000,72,0,146298.1,9.1436
20260801T200454Z-minibits-b7641c0e-7e59438,minibits-b7641c0e,L1.B4.w1-autovec-par.w2-rmerge,frame,0.05,1,16000,72,1,139894.8,8.7434
20260801T200454Z-minibits-b7641c0e-7e59438,minibits-b7641c0e,L1.B4.w1-autovec-par.w2-rmerge,frame,0.05,1,16000,72,2,140240.0,8.7650
20260801T200454Z-minibits-b7641c0e-7e59438,minibits-b7641c0e,L1.B4.w1-autovec-par.w2-rmerge,frame,0.05,1,65000,72,0,566165.2,8.7102
20260801T200454Z-minibits-b7641c0e-7e59438,minibits-b7641c0e,L1.B4.w1-autovec-par.w2-rmerge,frame,0.05,1,65000,72,1,566472.9,8.7150
20260801T200454Z-minibits-b7641c0e-7e59438,minibits-b7641c0e,L1.B4.w1-autovec-par.w2-rmerge,frame,0.05,1,65000,72,2,566934.8,8.7221
20260801T200454Z-minibits-b7641c0e-7e59438,minibits-b7641c0e,L1.B4.w1-autovec-par.w2-rmerge,frame,0.05,1,262000,72,0,2259963.8,8.6258
20260801T200454Z-minibits-b7641c0e-7e59438,minibits-b7641c0e,L1.B4.w1-autovec-par.w2-rmerge,frame,0.05,1,262000,72,1,2275948.5,8.6868
20260801T200454Z-minibits-b7641c0e-7e59438,minibits-b7641c0e,L1.B4.w1-autovec-par.w2-rmerge,frame,0.05,1,262000,72,2,2347460.6,8.9598
20260801T200454Z-minibits-b7641c0e-7e59438,minibits-b7641c0e,L1.B4.w1-autovec-par.w2-rmerge,frame,0.05,1,1000000,72,0,9454722.7,9.4547
20260801T200454Z-minibits-b7641c0e-7e59438,minibits-b7641c0e,L1.B4.w1-autovec-par.w2-rmerge,frame,0.05,1,1000000,72,1,9534790.0,9.5348
20260801T200454Z-minibits-b7641c0e-7e59438,minibits-b7641c0e,L1.B4.w1-autovec-par.w2-rmerge,frame,0.05,1,1000000,72,2,9481434.0,9.4814
20260801T200454Z-minibits-b7641c0e-7e59438,minibits-b7641c0e,L1.B4.w1-autovec-par.w2-rmerge,frame,0.05,1,4000000,72,0,38008459.2,9.5021
20260801T200454Z-minibits-b7641c0e-7e59438,minibits-b7641c0e,L1.B4.w1-autovec-par.w2-rmerge,frame,0.05,1,4000000,72,1,38024723.5,9.5062
20260801T200454Z-minibits-b7641c0e-7e59438,minibits-b7641c0e,L1.B4.w1-autovec-par.w2-rmerge,frame,0.05,1,4000000,72,2,38230856.3,9.5577
20260801T200454Z-minibits-b7641c0e-7e59438,minibits-b7641c0e,L1.B4.w1-autovec-par.w2-rmerge,frame,0.25,1,4000,72,0,67220.4,16.8051
20260801T200454Z-minibits-b7641c0e-7e59438,minibits-b7641c0e,L1.B4.w1-autovec-par.w2-rmerge,frame,0.25,1,4000,72,1,55964.6,13.9911
20260801T200454Z-minibits-b7641c0e-7e59438,minibits-b7641c0e,L1.B4.w1-autovec-par.w2-rmerge,frame,0.25,1,4000,72,2,49241.0,12.3103
20260801T200454Z-minibits-b7641c0e-7e59438,minibits-b7641c0e,L1.B4.w1-autovec-par.w2-rmerge,frame,0.25,1,16000,72,0,168721.9,10.5451
20260801T200454Z-minibits-b7641c0e-7e59438,minibits-b7641c0e,L1.B4.w1-autovec-par.w2-rmerge,frame,0.25,1,16000,72,1,161267.1,10.0792
20260801T200454Z-minibits-b7641c0e-7e59438,minibits-b7641c0e,L1.B4.w1-autovec-par.w2-rmerge,frame,0.25,1,16000,72,2,161625.8,10.1016
20260801T200454Z-minibits-b7641c0e-7e59438,minibits-b7641c0e,L1.B4.w1-autovec-par.w2-rmerge,frame,0.25,1,65000,72,0,680736.5,10.4729
20260801T200454Z-minibits-b7641c0e-7e59438,minibits-b7641c0e,L1.B4.w1-autovec-par.w2-rmerge,frame,0.25,1,65000,72,1,687830.0,10.5820
20260801T200454Z-minibits-b7641c0e-7e59438,minibits-b7641c0e,L1.B4.w1-autovec-par.w2-rmerge,frame,0.25,1,65000,72,2,677844.8,10.4284
20260801T200454Z-minibits-b7641c0e-7e59438,minibits-b7641c0e,L1.B4.w1-autovec-par.w2-rmerge,frame,0.25,1,262000,72,0,3114112.5,11.8859
20260801T200454Z-minibits-b7641c0e-7e59438,minibits-b7641c0e,L1.B4.w1-autovec-par.w2-rmerge,frame,0.25,1,262000,72,1,3093891.7,11.8087
20260801T200454Z-minibits-b7641c0e-7e59438,minibits-b7641c0e,L1.B4.w1-autovec-par.w2-rmerge,frame,0.25,1,262000,72,2,3091491.7,11.7996
20260801T200454Z-minibits-b7641c0e-7e59438,minibits-b7641c0e,L1.B4.w1-autovec-par.w2-rmerge,frame,0.25,1,1000000,72,0,12156563.3,12.1566
20260801T200454Z-minibits-b7641c0e-7e59438,minibits-b7641c0e,L1.B4.w1-autovec-par.w2-rmerge,frame,0.25,1,1000000,72,1,12177764.6,12.1778
20260801T200454Z-minibits-b7641c0e-7e59438,minibits-b7641c0e,L1.B4.w1-autovec-par.w2-rmerge,frame,0.25,1,1000000,72,2,12164015.6,12.1640
20260801T200454Z-minibits-b7641c0e-7e59438,minibits-b7641c0e,L1.B4.w1-autovec-par.w2-rmerge,frame,0.25,1,4000000,72,0,49000909.0,12.2502
20260801T200454Z-minibits-b7641c0e-7e59438,minibits-b7641c0e,L1.B4.w1-autovec-par.w2-rmerge,frame,0.25,1,4000000,72,1,49128631.0,12.2822
20260801T200454Z-minibits-b7641c0e-7e59438,minibits-b7641c0e,L1.B4.w1-autovec-par.w2-rmerge,frame,0.25,1,4000000,72,2,49043187.1,12.2608
20260801T200454Z-minibits-b7641c0e-7e59438,minibits-b7641c0e,L1.B5.w1-fused,frame,0.01,1,4000,68,0,89006.7,22.2517
20260801T200454Z-minibits-b7641c0e-7e59438,minibits-b7641c0e,L1.B5.w1-fused,frame,0.01,1,4000,68,1,56450.8,14.1127
20260801T200454Z-minibits-b7641c0e-7e59438,minibits-b7641c0e,L1.B5.w1-fused,frame,0.01,1,4000,68,2,47593.5,11.8984
20260801T200454Z-minibits-b7641c0e-7e59438,minibits-b7641c0e,L1.B5.w1-fused,frame,0.01,1,16000,68,0,147299.8,9.2062
20260801T200454Z-minibits-b7641c0e-7e59438,minibits-b7641c0e,L1.B5.w1-fused,frame,0.01,1,16000,68,1,126230.0,7.8894
20260801T200454Z-minibits-b7641c0e-7e59438,minibits-b7641c0e,L1.B5.w1-fused,frame,0.01,1,16000,68,2,125523.5,7.8452
20260801T200454Z-minibits-b7641c0e-7e59438,minibits-b7641c0e,L1.B5.w1-fused,frame,0.01,1,65000,68,0,502264.2,7.7271
20260801T200454Z-minibits-b7641c0e-7e59438,minibits-b7641c0e,L1.B5.w1-fused,frame,0.01,1,65000,68,1,498974.0,7.6765
20260801T200454Z-minibits-b7641c0e-7e59438,minibits-b7641c0e,L1.B5.w1-fused,frame,0.01,1,65000,68,2,508072.1,7.8165
20260801T200454Z-minibits-b7641c0e-7e59438,minibits-b7641c0e,L1.B5.w1-fused,frame,0.01,1,262000,68,0,2025267.3,7.7300
20260801T200454Z-minibits-b7641c0e-7e59438,minibits-b7641c0e,L1.B5.w1-fused,frame,0.01,1,262000,68,1,1995829.2,7.6177
20260801T200454Z-minibits-b7641c0e-7e59438,minibits-b7641c0e,L1.B5.w1-fused,frame,0.01,1,262000,68,2,2004051.3,7.6491
20260801T200454Z-minibits-b7641c0e-7e59438,minibits-b7641c0e,L1.B5.w1-fused,frame,0.01,1,1000000,68,0,7657083.5,7.6571
20260801T200454Z-minibits-b7641c0e-7e59438,minibits-b7641c0e,L1.B5.w1-fused,frame,0.01,1,1000000,68,1,7671640.6,7.6716
20260801T200454Z-minibits-b7641c0e-7e59438,minibits-b7641c0e,L1.B5.w1-fused,frame,0.01,1,1000000,68,2,7658708.5,7.6587
20260801T200454Z-minibits-b7641c0e-7e59438,minibits-b7641c0e,L1.B5.w1-fused,frame,0.01,1,4000000,68,0,30635661.3,7.6589
20260801T200454Z-minibits-b7641c0e-7e59438,minibits-b7641c0e,L1.B5.w1-fused,frame,0.01,1,4000000,68,1,30798862.7,7.6997
20260801T200454Z-minibits-b7641c0e-7e59438,minibits-b7641c0e,L1.B5.w1-fused,frame,0.01,1,4000000,68,2,30734096.5,7.6835
20260801T200454Z-minibits-b7641c0e-7e59438,minibits-b7641c0e,L1.B5.w1-fused,frame,0.05,1,4000,68,0,37321.7,9.3304
20260801T200454Z-minibits-b7641c0e-7e59438,minibits-b7641c0e,L1.B5.w1-fused,frame,0.05,1,4000,68,1,35119.6,8.7799
20260801T200454Z-minibits-b7641c0e-7e59438,minibits-b7641c0e,L1.B5.w1-fused,frame,0.05,1,4000,68,2,35076.7,8.7692
20260801T200454Z-minibits-b7641c0e-7e59438,minibits-b7641c0e,L1.B5.w1-fused,frame,0.05,1,16000,68,0,136877.1,8.5548
20260801T200454Z-minibits-b7641c0e-7e59438,minibits-b7641c0e,L1.B5.w1-fused,frame,0.05,1,16000,68,1,135243.3,8.4527
20260801T200454Z-minibits-b7641c0e-7e59438,minibits-b7641c0e,L1.B5.w1-fused,frame,0.05,1,16000,68,2,135107.1,8.4442
20260801T200454Z-minibits-b7641c0e-7e59438,minibits-b7641c0e,L1.B5.w1-fused,frame,0.05,1,65000,68,0,542539.6,8.3468
20260801T200454Z-minibits-b7641c0e-7e59438,minibits-b7641c0e,L1.B5.w1-fused,frame,0.05,1,65000,68,1,535345.4,8.2361
20260801T200454Z-minibits-b7641c0e-7e59438,minibits-b7641c0e,L1.B5.w1-fused,frame,0.05,1,65000,68,2,533030.4,8.2005
20260801T200454Z-minibits-b7641c0e-7e59438,minibits-b7641c0e,L1.B5.w1-fused,frame,0.05,1,262000,68,0,2131910.0,8.1371
20260801T200454Z-minibits-b7641c0e-7e59438,minibits-b7641c0e,L1.B5.w1-fused,frame,0.05,1,262000,68,1,2158040.6,8.2368
20260801T200454Z-minibits-b7641c0e-7e59438,minibits-b7641c0e,L1.B5.w1-fused,frame,0.05,1,262000,68,2,2148536.9,8.2005
20260801T200454Z-minibits-b7641c0e-7e59438,minibits-b7641c0e,L1.B5.w1-fused,frame,0.05,1,1000000,68,0,8125564.8,8.1256
20260801T200454Z-minibits-b7641c0e-7e59438,minibits-b7641c0e,L1.B5.w1-fused,frame,0.05,1,1000000,68,1,8152162.1,8.1522
20260801T200454Z-minibits-b7641c0e-7e59438,minibits-b7641c0e,L1.B5.w1-fused,frame,0.05,1,1000000,68,2,8166210.0,8.1662
20260801T200454Z-minibits-b7641c0e-7e59438,minibits-b7641c0e,L1.B5.w1-fused,frame,0.05,1,4000000,68,0,32939239.4,8.2348
20260801T200454Z-minibits-b7641c0e-7e59438,minibits-b7641c0e,L1.B5.w1-fused,frame,0.05,1,4000000,68,1,33760733.1,8.4402
20260801T200454Z-minibits-b7641c0e-7e59438,minibits-b7641c0e,L1.B5.w1-fused,frame,0.05,1,4000000,68,2,32881898.3,8.2205
20260801T200454Z-minibits-b7641c0e-7e59438,minibits-b7641c0e,L1.B5.w1-fused,frame,0.25,1,4000,68,0,41990.6,10.4977
20260801T200454Z-minibits-b7641c0e-7e59438,minibits-b7641c0e,L1.B5.w1-fused,frame,0.25,1,4000,68,1,42028.8,10.5072
20260801T200454Z-minibits-b7641c0e-7e59438,minibits-b7641c0e,L1.B5.w1-fused,frame,0.25,1,4000,68,2,41998.8,10.4997
20260801T200454Z-minibits-b7641c0e-7e59438,minibits-b7641c0e,L1.B5.w1-fused,frame,0.25,1,16000,68,0,165446.9,10.3404
20260801T200454Z-minibits-b7641c0e-7e59438,minibits-b7641c0e,L1.B5.w1-fused,frame,0.25,1,16000,68,1,165597.7,10.3499
20260801T200454Z-minibits-b7641c0e-7e59438,minibits-b7641c0e,L1.B5.w1-fused,frame,0.25,1,16000,68,2,166086.0,10.3804
20260801T200454Z-minibits-b7641c0e-7e59438,minibits-b7641c0e,L1.B5.w1-fused,frame,0.25,1,65000,68,0,671783.8,10.3351
20260801T200454Z-minibits-b7641c0e-7e59438,minibits-b7641c0e,L1.B5.w1-fused,frame,0.25,1,65000,68,1,678002.3,10.4308
20260801T200454Z-minibits-b7641c0e-7e59438,minibits-b7641c0e,L1.B5.w1-fused,frame,0.25,1,65000,68,2,673694.0,10.3645
20260801T200454Z-minibits-b7641c0e-7e59438,minibits-b7641c0e,L1.B5.w1-fused,frame,0.25,1,262000,68,0,2706015.6,10.3283
20260801T200454Z-minibits-b7641c0e-7e59438,minibits-b7641c0e,L1.B5.w1-fused,frame,0.25,1,262000,68,1,2853123.3,10.8898
20260801T200454Z-minibits-b7641c0e-7e59438,minibits-b7641c0e,L1.B5.w1-fused,frame,0.25,1,262000,68,2,2756839.2,10.5223
20260801T200454Z-minibits-b7641c0e-7e59438,minibits-b7641c0e,L1.B5.w1-fused,frame,0.25,1,1000000,68,0,10365938.8,10.3659
20260801T200454Z-minibits-b7641c0e-7e59438,minibits-b7641c0e,L1.B5.w1-fused,frame,0.25,1,1000000,68,1,10332452.5,10.3325
20260801T200454Z-minibits-b7641c0e-7e59438,minibits-b7641c0e,L1.B5.w1-fused,frame,0.25,1,1000000,68,2,10347134.8,10.3471
20260801T200454Z-minibits-b7641c0e-7e59438,minibits-b7641c0e,L1.B5.w1-fused,frame,0.25,1,4000000,68,0,41398493.8,10.3496
20260801T200454Z-minibits-b7641c0e-7e59438,minibits-b7641c0e,L1.B5.w1-fused,frame,0.25,1,4000000,68,1,41169252.1,10.2923
20260801T200454Z-minibits-b7641c0e-7e59438,minibits-b7641c0e,L1.B5.w1-fused,frame,0.25,1,4000000,68,2,41145769.8,10.2864
20260801T200454Z-minibits-b7641c0e-7e59438,minibits-b7641c0e,L1.B6.w1-autovec.w2-fused,frame,0.01,1,4000,68,0,80318.3,20.0796
20260801T200454Z-minibits-b7641c0e-7e59438,minibits-b7641c0e,L1.B6.w1-autovec.w2-fused,frame,0.01,1,4000,68,1,51351.3,12.8378
20260801T200454Z-minibits-b7641c0e-7e59438,minibits-b7641c0e,L1.B6.w1-autovec.w2-fused,frame,0.01,1,4000,68,2,42950.6,10.7377
20260801T200454Z-minibits-b7641c0e-7e59438,minibits-b7641c0e,L1.B6.w1-autovec.w2-fused,frame,0.01,1,16000,68,0,129534.6,8.0959
20260801T200454Z-minibits-b7641c0e-7e59438,minibits-b7641c0e,L1.B6.w1-autovec.w2-fused,frame,0.01,1,16000,68,1,107940.6,6.7463
20260801T200454Z-minibits-b7641c0e-7e59438,minibits-b7641c0e,L1.B6.w1-autovec.w2-fused,frame,0.01,1,16000,68,2,104445.6,6.5279
20260801T200454Z-minibits-b7641c0e-7e59438,minibits-b7641c0e,L1.B6.w1-autovec.w2-fused,frame,0.01,1,65000,68,0,417786.0,6.4275
20260801T200454Z-minibits-b7641c0e-7e59438,minibits-b7641c0e,L1.B6.w1-autovec.w2-fused,frame,0.01,1,65000,68,1,415848.1,6.3977
20260801T200454Z-minibits-b7641c0e-7e59438,minibits-b7641c0e,L1.B6.w1-autovec.w2-fused,frame,0.01,1,65000,68,2,415716.5,6.3956
20260801T200454Z-minibits-b7641c0e-7e59438,minibits-b7641c0e,L1.B6.w1-autovec.w2-fused,frame,0.01,1,262000,68,0,1674799.8,6.3924
20260801T200454Z-minibits-b7641c0e-7e59438,minibits-b7641c0e,L1.B6.w1-autovec.w2-fused,frame,0.01,1,262000,68,1,1686361.0,6.4365
20260801T200454Z-minibits-b7641c0e-7e59438,minibits-b7641c0e,L1.B6.w1-autovec.w2-fused,frame,0.01,1,262000,68,2,1685435.0,6.4330
20260801T200454Z-minibits-b7641c0e-7e59438,minibits-b7641c0e,L1.B6.w1-autovec.w2-fused,frame,0.01,1,1000000,68,0,6753665.2,6.7537
20260801T200454Z-minibits-b7641c0e-7e59438,minibits-b7641c0e,L1.B6.w1-autovec.w2-fused,frame,0.01,1,1000000,68,1,6827879.4,6.8279
20260801T200454Z-minibits-b7641c0e-7e59438,minibits-b7641c0e,L1.B6.w1-autovec.w2-fused,frame,0.01,1,1000000,68,2,6788584.8,6.7886
20260801T200454Z-minibits-b7641c0e-7e59438,minibits-b7641c0e,L1.B6.w1-autovec.w2-fused,frame,0.01,1,4000000,68,0,27762766.3,6.9407
20260801T200454Z-minibits-b7641c0e-7e59438,minibits-b7641c0e,L1.B6.w1-autovec.w2-fused,frame,0.01,1,4000000,68,1,27929499.2,6.9824
20260801T200454Z-minibits-b7641c0e-7e59438,minibits-b7641c0e,L1.B6.w1-autovec.w2-fused,frame,0.01,1,4000000,68,2,27952298.1,6.9881
20260801T200454Z-minibits-b7641c0e-7e59438,minibits-b7641c0e,L1.B6.w1-autovec.w2-fused,frame,0.05,1,4000,68,0,30088.1,7.5220
20260801T200454Z-minibits-b7641c0e-7e59438,minibits-b7641c0e,L1.B6.w1-autovec.w2-fused,frame,0.05,1,4000,68,1,29615.4,7.4039
20260801T200454Z-minibits-b7641c0e-7e59438,minibits-b7641c0e,L1.B6.w1-autovec.w2-fused,frame,0.05,1,4000,68,2,29864.8,7.4662
20260801T200454Z-minibits-b7641c0e-7e59438,minibits-b7641c0e,L1.B6.w1-autovec.w2-fused,frame,0.05,1,16000,68,0,116447.9,7.2780
20260801T200454Z-minibits-b7641c0e-7e59438,minibits-b7641c0e,L1.B6.w1-autovec.w2-fused,frame,0.05,1,16000,68,1,116201.0,7.2626
20260801T200454Z-minibits-b7641c0e-7e59438,minibits-b7641c0e,L1.B6.w1-autovec.w2-fused,frame,0.05,1,16000,68,2,115918.8,7.2449
20260801T200454Z-minibits-b7641c0e-7e59438,minibits-b7641c0e,L1.B6.w1-autovec.w2-fused,frame,0.05,1,65000,68,0,467200.2,7.1877
20260801T200454Z-minibits-b7641c0e-7e59438,minibits-b7641c0e,L1.B6.w1-autovec.w2-fused,frame,0.05,1,65000,68,1,460901.0,7.0908
20260801T200454Z-minibits-b7641c0e-7e59438,minibits-b7641c0e,L1.B6.w1-autovec.w2-fused,frame,0.05,1,65000,68,2,455644.4,7.0099
20260801T200454Z-minibits-b7641c0e-7e59438,minibits-b7641c0e,L1.B6.w1-autovec.w2-fused,frame,0.05,1,262000,68,0,1834303.1,7.0012
20260801T200454Z-minibits-b7641c0e-7e59438,minibits-b7641c0e,L1.B6.w1-autovec.w2-fused,frame,0.05,1,262000,68,1,1850437.1,7.0627
20260801T200454Z-minibits-b7641c0e-7e59438,minibits-b7641c0e,L1.B6.w1-autovec.w2-fused,frame,0.05,1,262000,68,2,1846385.4,7.0473
20260801T200454Z-minibits-b7641c0e-7e59438,minibits-b7641c0e,L1.B6.w1-autovec.w2-fused,frame,0.05,1,1000000,68,0,7378428.5,7.3784
20260801T200454Z-minibits-b7641c0e-7e59438,minibits-b7641c0e,L1.B6.w1-autovec.w2-fused,frame,0.05,1,1000000,68,1,7391219.0,7.3912
20260801T200454Z-minibits-b7641c0e-7e59438,minibits-b7641c0e,L1.B6.w1-autovec.w2-fused,frame,0.05,1,1000000,68,2,7379800.4,7.3798
20260801T200454Z-minibits-b7641c0e-7e59438,minibits-b7641c0e,L1.B6.w1-autovec.w2-fused,frame,0.05,1,4000000,68,0,30332431.0,7.5831
20260801T200454Z-minibits-b7641c0e-7e59438,minibits-b7641c0e,L1.B6.w1-autovec.w2-fused,frame,0.05,1,4000000,68,1,30390092.3,7.5975
20260801T200454Z-minibits-b7641c0e-7e59438,minibits-b7641c0e,L1.B6.w1-autovec.w2-fused,frame,0.05,1,4000000,68,2,30352277.5,7.5881
20260801T200454Z-minibits-b7641c0e-7e59438,minibits-b7641c0e,L1.B6.w1-autovec.w2-fused,frame,0.25,1,4000,68,0,62812.3,15.7031
20260801T200454Z-minibits-b7641c0e-7e59438,minibits-b7641c0e,L1.B6.w1-autovec.w2-fused,frame,0.25,1,4000,68,1,52700.4,13.1751
20260801T200454Z-minibits-b7641c0e-7e59438,minibits-b7641c0e,L1.B6.w1-autovec.w2-fused,frame,0.25,1,4000,68,2,47668.8,11.9172
20260801T200454Z-minibits-b7641c0e-7e59438,minibits-b7641c0e,L1.B6.w1-autovec.w2-fused,frame,0.25,1,16000,68,0,164826.5,10.3017
20260801T200454Z-minibits-b7641c0e-7e59438,minibits-b7641c0e,L1.B6.w1-autovec.w2-fused,frame,0.25,1,16000,68,1,158742.7,9.9214
20260801T200454Z-minibits-b7641c0e-7e59438,minibits-b7641c0e,L1.B6.w1-autovec.w2-fused,frame,0.25,1,16000,68,2,159501.0,9.9688
20260801T200454Z-minibits-b7641c0e-7e59438,minibits-b7641c0e,L1.B6.w1-autovec.w2-fused,frame,0.25,1,65000,68,0,648814.6,9.9818
20260801T200454Z-minibits-b7641c0e-7e59438,minibits-b7641c0e,L1.B6.w1-autovec.w2-fused,frame,0.25,1,65000,68,1,649313.3,9.9894
20260801T200454Z-minibits-b7641c0e-7e59438,minibits-b7641c0e,L1.B6.w1-autovec.w2-fused,frame,0.25,1,65000,68,2,651349.2,10.0208
20260801T200454Z-minibits-b7641c0e-7e59438,minibits-b7641c0e,L1.B6.w1-autovec.w2-fused,frame,0.25,1,262000,68,0,2618269.6,9.9934
20260801T200454Z-minibits-b7641c0e-7e59438,minibits-b7641c0e,L1.B6.w1-autovec.w2-fused,frame,0.25,1,262000,68,1,2620202.5,10.0008
20260801T200454Z-minibits-b7641c0e-7e59438,minibits-b7641c0e,L1.B6.w1-autovec.w2-fused,frame,0.25,1,262000,68,2,2612584.6,9.9717
20260801T200454Z-minibits-b7641c0e-7e59438,minibits-b7641c0e,L1.B6.w1-autovec.w2-fused,frame,0.25,1,1000000,68,0,10389941.0,10.3899
20260801T200454Z-minibits-b7641c0e-7e59438,minibits-b7641c0e,L1.B6.w1-autovec.w2-fused,frame,0.25,1,1000000,68,1,10408828.1,10.4088
20260801T200454Z-minibits-b7641c0e-7e59438,minibits-b7641c0e,L1.B6.w1-autovec.w2-fused,frame,0.25,1,1000000,68,2,10395542.1,10.3955
20260801T200454Z-minibits-b7641c0e-7e59438,minibits-b7641c0e,L1.B6.w1-autovec.w2-fused,frame,0.25,1,4000000,68,0,42434479.4,10.6086
20260801T200454Z-minibits-b7641c0e-7e59438,minibits-b7641c0e,L1.B6.w1-autovec.w2-fused,frame,0.25,1,4000000,68,1,42351960.8,10.5880
20260801T200454Z-minibits-b7641c0e-7e59438,minibits-b7641c0e,L1.B6.w1-autovec.w2-fused,frame,0.25,1,4000000,68,2,42448978.5,10.6122
20260801T200454Z-minibits-b7641c0e-7e59438,minibits-b7641c0e,L1.B7.w1-autovec.w2-fused,frame,0.01,1,4000,69,0,64288.5,16.0721
20260801T200454Z-minibits-b7641c0e-7e59438,minibits-b7641c0e,L1.B7.w1-autovec.w2-fused,frame,0.01,1,4000,69,1,51955.2,12.9888
20260801T200454Z-minibits-b7641c0e-7e59438,minibits-b7641c0e,L1.B7.w1-autovec.w2-fused,frame,0.01,1,4000,69,2,45335.8,11.3340
20260801T200454Z-minibits-b7641c0e-7e59438,minibits-b7641c0e,L1.B7.w1-autovec.w2-fused,frame,0.01,1,16000,69,0,144904.2,9.0565
20260801T200454Z-minibits-b7641c0e-7e59438,minibits-b7641c0e,L1.B7.w1-autovec.w2-fused,frame,0.01,1,16000,69,1,128913.8,8.0571
20260801T200454Z-minibits-b7641c0e-7e59438,minibits-b7641c0e,L1.B7.w1-autovec.w2-fused,frame,0.01,1,16000,69,2,128624.8,8.0390
20260801T200454Z-minibits-b7641c0e-7e59438,minibits-b7641c0e,L1.B7.w1-autovec.w2-fused,frame,0.01,1,65000,69,0,514893.8,7.9214
20260801T200454Z-minibits-b7641c0e-7e59438,minibits-b7641c0e,L1.B7.w1-autovec.w2-fused,frame,0.01,1,65000,69,1,513149.6,7.8946
20260801T200454Z-minibits-b7641c0e-7e59438,minibits-b7641c0e,L1.B7.w1-autovec.w2-fused,frame,0.01,1,65000,69,2,520035.8,8.0006
20260801T200454Z-minibits-b7641c0e-7e59438,minibits-b7641c0e,L1.B7.w1-autovec.w2-fused,frame,0.01,1,262000,69,0,2075005.4,7.9199
20260801T200454Z-minibits-b7641c0e-7e59438,minibits-b7641c0e,L1.B7.w1-autovec.w2-fused,frame,0.01,1,262000,69,1,2044272.9,7.8026
20260801T200454Z-minibits-b7641c0e-7e59438,minibits-b7641c0e,L1.B7.w1-autovec.w2-fused,frame,0.01,1,262000,69,2,2055816.9,7.8466
20260801T200454Z-minibits-b7641c0e-7e59438,minibits-b7641c0e,L1.B7.w1-autovec.w2-fused,frame,0.01,1,1000000,69,0,7800934.4,7.8009
20260801T200454Z-minibits-b7641c0e-7e59438,minibits-b7641c0e,L1.B7.w1-autovec.w2-fused,frame,0.01,1,1000000,69,1,7841265.0,7.8413
20260801T200454Z-minibits-b7641c0e-7e59438,minibits-b7641c0e,L1.B7.w1-autovec.w2-fused,frame,0.01,1,1000000,69,2,7849479.8,7.8495
20260801T200454Z-minibits-b7641c0e-7e59438,minibits-b7641c0e,L1.B7.w1-autovec.w2-fused,frame,0.01,1,4000000,69,0,31198232.7,7.7996
20260801T200454Z-minibits-b7641c0e-7e59438,minibits-b7641c0e,L1.B7.w1-autovec.w2-fused,frame,0.01,1,4000000,69,1,31380935.4,7.8452
20260801T200454Z-minibits-b7641c0e-7e59438,minibits-b7641c0e,L1.B7.w1-autovec.w2-fused,frame,0.01,1,4000000,69,2,31571279.4,7.8928
20260801T200454Z-minibits-b7641c0e-7e59438,minibits-b7641c0e,L1.B7.w1-autovec.w2-fused,frame,0.05,1,4000,69,0,66629.6,16.6574
20260801T200454Z-minibits-b7641c0e-7e59438,minibits-b7641c0e,L1.B7.w1-autovec.w2-fused,frame,0.05,1,4000,69,1,51844.2,12.9610
20260801T200454Z-minibits-b7641c0e-7e59438,minibits-b7641c0e,L1.B7.w1-autovec.w2-fused,frame,0.05,1,4000,69,2,46151.3,11.5378
20260801T200454Z-minibits-b7641c0e-7e59438,minibits-b7641c0e,L1.B7.w1-autovec.w2-fused,frame,0.05,1,16000,69,0,148416.7,9.2760
20260801T200454Z-minibits-b7641c0e-7e59438,minibits-b7641c0e,L1.B7.w1-autovec.w2-fused,frame,0.05,1,16000,69,1,134168.1,8.3855
20260801T200454Z-minibits-b7641c0e-7e59438,minibits-b7641c0e,L1.B7.w1-autovec.w2-fused,frame,0.05,1,16000,69,2,134443.8,8.4027
20260801T200454Z-minibits-b7641c0e-7e59438,minibits-b7641c0e,L1.B7.w1-autovec.w2-fused,frame,0.05,1,65000,69,0,539822.9,8.3050
20260801T200454Z-minibits-b7641c0e-7e59438,minibits-b7641c0e,L1.B7.w1-autovec.w2-fused,frame,0.05,1,65000,69,1,539597.9,8.3015
20260801T200454Z-minibits-b7641c0e-7e59438,minibits-b7641c0e,L1.B7.w1-autovec.w2-fused,frame,0.05,1,65000,69,2,541346.3,8.3284
20260801T200454Z-minibits-b7641c0e-7e59438,minibits-b7641c0e,L1.B7.w1-autovec.w2-fused,frame,0.05,1,262000,69,0,2186993.1,8.3473
20260801T200454Z-minibits-b7641c0e-7e59438,minibits-b7641c0e,L1.B7.w1-autovec.w2-fused,frame,0.05,1,262000,69,1,2209022.3,8.4314
20260801T200454Z-minibits-b7641c0e-7e59438,minibits-b7641c0e,L1.B7.w1-autovec.w2-fused,frame,0.05,1,262000,69,2,2226329.6,8.4974
20260801T200454Z-minibits-b7641c0e-7e59438,minibits-b7641c0e,L1.B7.w1-autovec.w2-fused,frame,0.05,1,1000000,69,0,8436633.8,8.4366
20260801T200454Z-minibits-b7641c0e-7e59438,minibits-b7641c0e,L1.B7.w1-autovec.w2-fused,frame,0.05,1,1000000,69,1,8293522.1,8.2935
20260801T200454Z-minibits-b7641c0e-7e59438,minibits-b7641c0e,L1.B7.w1-autovec.w2-fused,frame,0.05,1,1000000,69,2,8326468.8,8.3265
20260801T200454Z-minibits-b7641c0e-7e59438,minibits-b7641c0e,L1.B7.w1-autovec.w2-fused,frame,0.05,1,4000000,69,0,33096525.4,8.2741
20260801T200454Z-minibits-b7641c0e-7e59438,minibits-b7641c0e,L1.B7.w1-autovec.w2-fused,frame,0.05,1,4000000,69,1,33181538.1,8.2954
20260801T200454Z-minibits-b7641c0e-7e59438,minibits-b7641c0e,L1.B7.w1-autovec.w2-fused,frame,0.05,1,4000000,69,2,33354220.8,8.3386
20260801T200454Z-minibits-b7641c0e-7e59438,minibits-b7641c0e,L1.B7.w1-autovec.w2-fused,frame,0.25,1,4000,69,0,61548.3,15.3871
20260801T200454Z-minibits-b7641c0e-7e59438,minibits-b7641c0e,L1.B7.w1-autovec.w2-fused,frame,0.25,1,4000,69,1,53981.7,13.4954
20260801T200454Z-minibits-b7641c0e-7e59438,minibits-b7641c0e,L1.B7.w1-autovec.w2-fused,frame,0.25,1,4000,69,2,48841.5,12.2104
20260801T200454Z-minibits-b7641c0e-7e59438,minibits-b7641c0e,L1.B7.w1-autovec.w2-fused,frame,0.25,1,16000,69,0,171377.5,10.7111
20260801T200454Z-minibits-b7641c0e-7e59438,minibits-b7641c0e,L1.B7.w1-autovec.w2-fused,frame,0.25,1,16000,69,1,167911.0,10.4944
20260801T200454Z-minibits-b7641c0e-7e59438,minibits-b7641c0e,L1.B7.w1-autovec.w2-fused,frame,0.25,1,16000,69,2,168444.2,10.5278
20260801T200454Z-minibits-b7641c0e-7e59438,minibits-b7641c0e,L1.B7.w1-autovec.w2-fused,frame,0.25,1,65000,69,0,686249.4,10.5577
20260801T200454Z-minibits-b7641c0e-7e59438,minibits-b7641c0e,L1.B7.w1-autovec.w2-fused,frame,0.25,1,65000,69,1,682387.7,10.4983
20260801T200454Z-minibits-b7641c0e-7e59438,minibits-b7641c0e,L1.B7.w1-autovec.w2-fused,frame,0.25,1,65000,69,2,688332.9,10.5897
20260801T200454Z-minibits-b7641c0e-7e59438,minibits-b7641c0e,L1.B7.w1-autovec.w2-fused,frame,0.25,1,262000,69,0,2757876.3,10.5262
20260801T200454Z-minibits-b7641c0e-7e59438,minibits-b7641c0e,L1.B7.w1-autovec.w2-fused,frame,0.25,1,262000,69,1,2762882.1,10.5454
20260801T200454Z-minibits-b7641c0e-7e59438,minibits-b7641c0e,L1.B7.w1-autovec.w2-fused,frame,0.25,1,262000,69,2,2750126.3,10.4967
20260801T200454Z-minibits-b7641c0e-7e59438,minibits-b7641c0e,L1.B7.w1-autovec.w2-fused,frame,0.25,1,1000000,69,0,10530182.9,10.5302
20260801T200454Z-minibits-b7641c0e-7e59438,minibits-b7641c0e,L1.B7.w1-autovec.w2-fused,frame,0.25,1,1000000,69,1,10519166.7,10.5192
20260801T200454Z-minibits-b7641c0e-7e59438,minibits-b7641c0e,L1.B7.w1-autovec.w2-fused,frame,0.25,1,1000000,69,2,10521443.8,10.5214
20260801T200454Z-minibits-b7641c0e-7e59438,minibits-b7641c0e,L1.B7.w1-autovec.w2-fused,frame,0.25,1,4000000,69,0,42141783.8,10.5354
20260801T200454Z-minibits-b7641c0e-7e59438,minibits-b7641c0e,L1.B7.w1-autovec.w2-fused,frame,0.25,1,4000000,69,1,41953326.3,10.4883
20260801T200454Z-minibits-b7641c0e-7e59438,minibits-b7641c0e,L1.B7.w1-autovec.w2-fused,frame,0.25,1,4000000,69,2,41954659.8,10.4887
20260801T200454Z-minibits-b7641c0e-7e59438,minibits-b7641c0e,L1.B8.w1-autovec.w2-fused,frame,0.01,1,4000,73,0,91784.4,22.9461
20260801T200454Z-minibits-b7641c0e-7e59438,minibits-b7641c0e,L1.B8.w1-autovec.w2-fused,frame,0.01,1,4000,73,1,61851.3,15.4628
20260801T200454Z-minibits-b7641c0e-7e59438,minibits-b7641c0e,L1.B8.w1-autovec.w2-fused,frame,0.01,1,4000,73,2,50945.0,12.7363
20260801T200454Z-minibits-b7641c0e-7e59438,minibits-b7641c0e,L1.B8.w1-autovec.w2-fused,frame,0.01,1,16000,73,0,155864.6,9.7415
20260801T200454Z-minibits-b7641c0e-7e59438,minibits-b7641c0e,L1.B8.w1-autovec.w2-fused,frame,0.01,1,16000,73,1,136704.8,8.5440
20260801T200454Z-minibits-b7641c0e-7e59438,minibits-b7641c0e,L1.B8.w1-autovec.w2-fused,frame,0.01,1,16000,73,2,136731.5,8.5457
20260801T200454Z-minibits-b7641c0e-7e59438,minibits-b7641c0e,L1.B8.w1-autovec.w2-fused,frame,0.01,1,65000,73,0,544013.3,8.3694
20260801T200454Z-minibits-b7641c0e-7e59438,minibits-b7641c0e,L1.B8.w1-autovec.w2-fused,frame,0.01,1,65000,73,1,544585.6,8.3782
20260801T200454Z-minibits-b7641c0e-7e59438,minibits-b7641c0e,L1.B8.w1-autovec.w2-fused,frame,0.01,1,65000,73,2,551151.3,8.4793
20260801T200454Z-minibits-b7641c0e-7e59438,minibits-b7641c0e,L1.B8.w1-autovec.w2-fused,frame,0.01,1,262000,73,0,2197638.8,8.3879
20260801T200454Z-minibits-b7641c0e-7e59438,minibits-b7641c0e,L1.B8.w1-autovec.w2-fused,frame,0.01,1,262000,73,1,2188002.1,8.3512
20260801T200454Z-minibits-b7641c0e-7e59438,minibits-b7641c0e,L1.B8.w1-autovec.w2-fused,frame,0.01,1,262000,73,2,2221961.0,8.4808
20260801T200454Z-minibits-b7641c0e-7e59438,minibits-b7641c0e,L1.B8.w1-autovec.w2-fused,frame,0.01,1,1000000,73,0,8715772.1,8.7158
20260801T200454Z-minibits-b7641c0e-7e59438,minibits-b7641c0e,L1.B8.w1-autovec.w2-fused,frame,0.01,1,1000000,73,1,8782300.8,8.7823
20260801T200454Z-minibits-b7641c0e-7e59438,minibits-b7641c0e,L1.B8.w1-autovec.w2-fused,frame,0.01,1,1000000,73,2,8743489.0,8.7435
20260801T200454Z-minibits-b7641c0e-7e59438,minibits-b7641c0e,L1.B8.w1-autovec.w2-fused,frame,0.01,1,4000000,73,0,35115715.0,8.7789
20260801T200454Z-minibits-b7641c0e-7e59438,minibits-b7641c0e,L1.B8.w1-autovec.w2-fused,frame,0.01,1,4000000,73,1,35347449.6,8.8369
20260801T200454Z-minibits-b7641c0e-7e59438,minibits-b7641c0e,L1.B8.w1-autovec.w2-fused,frame,0.01,1,4000000,73,2,35309510.8,8.8274
20260801T200454Z-minibits-b7641c0e-7e59438,minibits-b7641c0e,L1.B8.w1-autovec.w2-fused,frame,0.05,1,4000,73,0,95846.9,23.9617
20260801T200454Z-minibits-b7641c0e-7e59438,minibits-b7641c0e,L1.B8.w1-autovec.w2-fused,frame,0.05,1,4000,73,1,64621.9,16.1555
20260801T200454Z-minibits-b7641c0e-7e59438,minibits-b7641c0e,L1.B8.w1-autovec.w2-fused,frame,0.05,1,4000,73,2,52964.8,13.2412
20260801T200454Z-minibits-b7641c0e-7e59438,minibits-b7641c0e,L1.B8.w1-autovec.w2-fused,frame,0.05,1,16000,73,0,166575.4,10.4110
20260801T200454Z-minibits-b7641c0e-7e59438,minibits-b7641c0e,L1.B8.w1-autovec.w2-fused,frame,0.05,1,16000,73,1,149731.0,9.3582
20260801T200454Z-minibits-b7641c0e-7e59438,minibits-b7641c0e,L1.B8.w1-autovec.w2-fused,frame,0.05,1,16000,73,2,149891.5,9.3682
20260801T200454Z-minibits-b7641c0e-7e59438,minibits-b7641c0e,L1.B8.w1-autovec.w2-fused,frame,0.05,1,65000,73,0,604487.5,9.2998
20260801T200454Z-minibits-b7641c0e-7e59438,minibits-b7641c0e,L1.B8.w1-autovec.w2-fused,frame,0.05,1,65000,73,1,608273.3,9.3581
20260801T200454Z-minibits-b7641c0e-7e59438,minibits-b7641c0e,L1.B8.w1-autovec.w2-fused,frame,0.05,1,65000,73,2,612596.9,9.4246
20260801T200454Z-minibits-b7641c0e-7e59438,minibits-b7641c0e,L1.B8.w1-autovec.w2-fused,frame,0.05,1,262000,73,0,2454973.1,9.3701
20260801T200454Z-minibits-b7641c0e-7e59438,minibits-b7641c0e,L1.B8.w1-autovec.w2-fused,frame,0.05,1,262000,73,1,2487797.9,9.4954
20260801T200454Z-minibits-b7641c0e-7e59438,minibits-b7641c0e,L1.B8.w1-autovec.w2-fused,frame,0.05,1,262000,73,2,2436413.1,9.2993
20260801T200454Z-minibits-b7641c0e-7e59438,minibits-b7641c0e,L1.B8.w1-autovec.w2-fused,frame,0.05,1,1000000,73,0,10291778.8,10.2918
20260801T200454Z-minibits-b7641c0e-7e59438,minibits-b7641c0e,L1.B8.w1-autovec.w2-fused,frame,0.05,1,1000000,73,1,10279193.3,10.2792
20260801T200454Z-minibits-b7641c0e-7e59438,minibits-b7641c0e,L1.B8.w1-autovec.w2-fused,frame,0.05,1,1000000,73,2,10281576.7,10.2816
20260801T200454Z-minibits-b7641c0e-7e59438,minibits-b7641c0e,L1.B8.w1-autovec.w2-fused,frame,0.05,1,4000000,73,0,41344131.7,10.3360
20260801T200454Z-minibits-b7641c0e-7e59438,minibits-b7641c0e,L1.B8.w1-autovec.w2-fused,frame,0.05,1,4000000,73,1,41409517.9,10.3524
20260801T200454Z-minibits-b7641c0e-7e59438,minibits-b7641c0e,L1.B8.w1-autovec.w2-fused,frame,0.05,1,4000000,73,2,41417631.3,10.3544
20260801T200454Z-minibits-b7641c0e-7e59438,minibits-b7641c0e,L1.B8.w1-autovec.w2-fused,frame,0.25,1,4000,73,0,118482.9,29.6207
20260801T200454Z-minibits-b7641c0e-7e59438,minibits-b7641c0e,L1.B8.w1-autovec.w2-fused,frame,0.25,1,4000,73,1,80341.5,20.0854
20260801T200454Z-minibits-b7641c0e-7e59438,minibits-b7641c0e,L1.B8.w1-autovec.w2-fused,frame,0.25,1,4000,73,2,65869.8,16.4674
20260801T200454Z-minibits-b7641c0e-7e59438,minibits-b7641c0e,L1.B8.w1-autovec.w2-fused,frame,0.25,1,16000,73,0,221930.8,13.8707
20260801T200454Z-minibits-b7641c0e-7e59438,minibits-b7641c0e,L1.B8.w1-autovec.w2-fused,frame,0.25,1,16000,73,1,216077.3,13.5048
20260801T200454Z-minibits-b7641c0e-7e59438,minibits-b7641c0e,L1.B8.w1-autovec.w2-fused,frame,0.25,1,16000,73,2,215133.8,13.4459
20260801T200454Z-minibits-b7641c0e-7e59438,minibits-b7641c0e,L1.B8.w1-autovec.w2-fused,frame,0.25,1,65000,73,0,872768.1,13.4272
20260801T200454Z-minibits-b7641c0e-7e59438,minibits-b7641c0e,L1.B8.w1-autovec.w2-fused,frame,0.25,1,65000,73,1,878577.7,13.5166
20260801T200454Z-minibits-b7641c0e-7e59438,minibits-b7641c0e,L1.B8.w1-autovec.w2-fused,frame,0.25,1,65000,73,2,878034.2,13.5082
20260801T200454Z-minibits-b7641c0e-7e59438,minibits-b7641c0e,L1.B8.w1-autovec.w2-fused,frame,0.25,1,262000,73,0,3528533.8,13.4677
20260801T200454Z-minibits-b7641c0e-7e59438,minibits-b7641c0e,L1.B8.w1-autovec.w2-fused,frame,0.25,1,262000,73,1,3534461.0,13.4903
20260801T200454Z-minibits-b7641c0e-7e59438,minibits-b7641c0e,L1.B8.w1-autovec.w2-fused,frame,0.25,1,262000,73,2,3529247.1,13.4704
20260801T200454Z-minibits-b7641c0e-7e59438,minibits-b7641c0e,L1.B8.w1-autovec.w2-fused,frame,0.25,1,1000000,73,0,13496336.7,13.4963
20260801T200454Z-minibits-b7641c0e-7e59438,minibits-b7641c0e,L1.B8.w1-autovec.w2-fused,frame,0.25,1,1000000,73,1,13489032.7,13.4890
20260801T200454Z-minibits-b7641c0e-7e59438,minibits-b7641c0e,L1.B8.w1-autovec.w2-fused,frame,0.25,1,1000000,73,2,13504821.3,13.5048
20260801T200454Z-minibits-b7641c0e-7e59438,minibits-b7641c0e,L1.B8.w1-autovec.w2-fused,frame,0.25,1,4000000,73,0,54040740.6,13.5102
20260801T200454Z-minibits-b7641c0e-7e59438,minibits-b7641c0e,L1.B8.w1-autovec.w2-fused,frame,0.25,1,4000000,73,1,54070960.8,13.5177
20260801T200454Z-minibits-b7641c0e-7e59438,minibits-b7641c0e,L1.B8.w1-autovec.w2-fused,frame,0.25,1,4000000,73,2,54071150.2,13.5178
